1,-74.01734,40.70845
2,-74.01546,40.71586
3,-74.02046,40.68891
4,-74.01206,40.70414
5,-74.00813,40.70574
6,-74.01066,40.7078
7,-74.01411,40.70802
8,-74.01205,40.71168
9,-74.01187,40.71543
10,-74.00906,40.71408
11,-74.01052,40.72108
12,-74.00713,40.70852
13,-74.00473,40.70992
14,-73.99969,40.71578
15,-74.00254,40.71217
16,-74.00567,40.71397
17,-74.0026,40.71743
18,-74.00753,40.72064
19,-74.00561,40.71828
20,-73.99711,40.71956
21,-73.99971,40.72098
22,-74.00313,40.7228
23,-74.00077,40.7255
24,-73.99583,40.72371
25,-73.99987,40.73044
26,-73.9974,40.72812
27,-74.00584,40.72634
28,-74.00927,40.72723
29,-74.00445,40.73084
30,-74.0088,40.73127
31,-74.00728,40.74694
32,-73.99279,40.72985
33,-73.99429,40.72662
34,-73.99494,40.73175
35,-73.99275,40.73417
36,-73.99724,40.73488
37,-74.00027,40.73586
38,-74.00439,40.73451
39,-74.00837,40.73496
40,-74.00367,40.73843
41,-74.008,40.73915
42,-73.99894,40.71081
43,-73.99943,40.71294
44,-73.99496,40.71237
45,-73.98947,40.71201
46,-73.98655,40.71301
47,-73.98192,40.71249
48,-73.99376,40.71632
49,-73.98782,40.71558
50,-73.97693,40.72099
51,-73.98168,40.72159
52,-73.9805,40.72296
53,-73.97918,40.72475
54,-73.99128,40.71937
55,-73.98641,40.7179
56,-73.97868,40.71494
57,-73.97813,40.71788
58,-73.98264,40.71627
59,-73.98244,40.71942
60,-73.97472,40.72176
61,-73.97739,40.72722
62,-73.982,40.72931
63,-73.98738,40.72132
64,-73.99172,40.72252
65,-73.98898,40.72775
66,-73.99068,40.72496
67,-73.98657,40.73106
68,-73.98985,40.73224
69,-73.98426,40.72588
70,-73.98642,40.72324
71,-73.9993,40.74007
72,-73.99759,40.74237
73,-74.00506,40.74229
74,-74.00324,40.74468
75,-73.99577,40.74486
76,-74.00141,40.74719
77,-74.00441,40.75248
78,-73.99952,40.74972
79,-73.99773,40.75218
80,-73.99588,40.75463
81,-73.99665,40.76303
82,-73.99366,40.76022
83,-73.99082,40.75907
84,-73.99178,40.76274
85,-73.98897,40.76157
86,-73.98814,40.76775
87,-73.98533,40.76659
88,-73.98778,40.73638
89,-73.99097,40.73776
90,-73.98472,40.74066
91,-73.9879,40.74198
92,-73.99109,40.74333
93,-73.98146,40.74507
94,-73.98467,40.74637
95,-73.98785,40.74772
96,-73.99207,40.74985
97,-73.98144,40.75074
98,-73.98466,40.75207
99,-73.99025,40.75231
100,-73.98843,40.75481
101,-73.97424,40.75344
102,-73.97621,40.75402
103,-73.9774,40.75516
104,-73.97907,40.75545
105,-73.98054,40.75769
106,-73.98216,40.75548
107,-73.98516,40.75673
108,-73.98798,40.7579
109,-73.98613,40.7604
110,-73.9833,40.75924
111,-73.99391,40.7474
112,-73.97184,40.75817
113,-73.97425,40.75917
114,-73.97585,40.75985
115,-73.97825,40.76082
116,-73.98434,40.76289
117,-73.98149,40.76175
118,-73.98229,40.76575
119,-73.97945,40.76457
120,-73.97595,40.76397
121,-73.97274,40.76265
122,-73.96949,40.7613
123,-73.97749,40.73506
124,-73.97743,40.73134
125,-73.97329,40.73783
126,-73.98434,40.73409
127,-73.98214,40.73718
128,-73.97986,40.74032
129,-73.97757,40.74344
130,-73.97529,40.74655
131,-73.97825,40.74942
132,-73.97297,40.74967
133,-73.97182,40.7533
134,-73.9695,40.75234
135,-73.96957,40.75642
136,-73.96725,40.75545
137,-73.96727,40.75957
138,-73.96495,40.75862
139,-73.96765,40.75072
140,-73.96208,40.75745
141,-74.04306,40.69512
142,-73.99015,40.77127
143,-73.98987,40.77535
144,-73.98618,40.77683
145,-74.00818,40.70461
146,-73.98485,40.7697
147,-73.98302,40.7722
148,-73.97981,40.77413
149,-73.98262,40.77532
150,-73.98075,40.7779
151,-73.97793,40.7767
152,-73.9845,40.77942
153,-73.97884,40.78049
154,-73.97629,40.77899
155,-73.97696,40.7831
156,-73.97441,40.7816
157,-73.98259,40.78207
158,-73.98051,40.78455
159,-73.97507,40.78568
160,-73.97225,40.78453
161,-73.97317,40.78827
162,-73.97036,40.78711
163,-73.97896,40.78737
164,-73.97722,40.78992
165,-73.97134,40.79083
166,-73.9685,40.78964
167,-73.96969,40.79305
168,-73.96686,40.79185
169,-73.96686,40.7944
170,-73.97496,40.79237
171,-73.97321,40.79491
172,-73.96925,40.79998
173,-73.96738,40.80254
174,-73.96472,40.79725
175,-73.9624,40.80046
176,-73.97421,40.7998
177,-73.96609,40.78246
178,-73.95664,40.76348
179,-73.95975,40.7605
180,-73.96378,40.76225
181,-73.97108,40.76484
182,-73.96789,40.76352
183,-73.96537,40.76693
184,-73.96859,40.76826
185,-73.96147,40.76537
186,-73.95433,40.76677
187,-73.95915,40.76852
188,-73.96213,40.77138
189,-73.96537,40.7727
190,-73.95186,40.76971
191,-73.95683,40.7717
192,-73.9493,40.77287
193,-73.95443,40.77494
194,-73.95875,40.7759
195,-73.96195,40.77724
196,-73.94813,40.77531
197,-73.94589,40.77627
198,-73.94526,40.77977
199,-73.95264,40.77719
200,-73.95147,40.7788
201,-73.95659,40.7788
202,-73.95495,40.78104
203,-73.95978,40.78016
204,-73.95817,40.78242
205,-73.94962,40.7813
206,-73.9526,40.78422
207,-73.95096,40.78646
208,-73.95584,40.78559
209,-73.95419,40.78781
210,-73.95991,40.8052
211,-73.96065,40.80639
212,-73.95892,40.8089
213,-73.95543,40.81147
214,-73.96561,40.80518
215,-73.96199,40.80862
216,-73.96446,40.80957
217,-73.95994,40.81369
218,-73.95365,40.81354
219,-73.95156,40.81607
220,-73.94949,40.81987
221,-73.9467,40.82294
222,-73.95734,40.81992
223,-73.95447,40.82054
224,-73.95286,40.82304
225,-73.95073,40.82547
226,-73.94876,40.82797
227,-73.94383,40.82619
228,-73.94285,40.82913
229,-73.95016,40.79906
230,-73.95485,40.80064
231,-73.95761,40.80403
232,-73.94807,40.80191
233,-73.95301,40.80316
234,-73.94566,40.80575
235,-73.95113,40.80571
236,-73.94923,40.80828
237,-73.9546,40.80837
238,-73.94244,40.8096
239,-73.93944,40.8137
240,-73.93664,40.8177
241,-73.9474,40.81107
242,-73.94523,40.81338
243,-73.94989,40.81349
244,-73.95706,40.81709
245,-73.94369,40.81585
246,-73.94185,40.8184
247,-73.94668,40.81857
248,-73.94,40.82094
249,-73.93981,40.8239
250,-73.94734,40.83119
251,-73.94394,40.82166
252,-73.93674,40.82503
253,-73.9366,40.83257
254,-73.94011,40.7878
255,-73.94798,40.78352
256,-73.94678,40.78511
257,-73.94496,40.78765
258,-73.94259,40.79088
259,-73.94888,40.78928
260,-73.95184,40.79102
261,-73.94607,40.79313
262,-73.94904,40.79485
263,-73.94276,40.79768
264,-73.94599,40.79898
265,-73.94006,40.7944
266,-73.93771,40.79758
267,-73.934,40.7947
268,-73.93117,40.79916
269,-73.93562,40.80044
270,-73.93338,40.80337
271,-73.93903,40.80281
272,-73.94284,40.80426
273,-73.93547,40.80693
274,-73.93921,40.80823
275,-73.936,40.81321
276,-73.92543,40.79088
277,-73.9147,40.86792
278,-73.92499,40.86758
279,-73.91897,40.86933
280,-73.9171,40.87131
281,-73.9249,40.87253
282,-73.9397,40.84982
283,-73.92123,40.85987
284,-73.94153,40.83228
285,-73.94595,40.83383
286,-73.94599,40.83765
287,-73.94257,40.83655
288,-73.93688,40.83906
289,-73.94038,40.84025
290,-73.93922,40.83587
291,-73.93878,40.84287
292,-73.9348,40.84582
293,-73.93779,40.84688
294,-73.93064,40.84671
295,-73.94253,40.84478
296,-73.93069,40.8506
297,-73.93456,40.85209
298,-73.93775,40.85406
299,-73.93955,40.85475
300,-73.93517,40.85648
301,-73.93174,40.85594
302,-73.92746,40.85553
303,-73.92902,40.85896
304,-73.92811,40.86164
305,-73.93151,40.86286
306,-73.94596,40.84383
307,-73.92405,40.86442
308,-73.92038,40.86607
309,-73.99406,40.75712
310,-73.99935,40.7595
311,-73.98997,40.76521
312,-73.98714,40.76407
313,-73.99294,40.76824
314,-73.99419,40.73912
315,-73.97563,40.7396
316,-73.97119,40.79748
317,-73.95025,40.76279
318,-73.91097,40.87567
319,-73.91354,40.78267
320,-73.91571,40.78098
321,-73.90852,40.77723
322,-73.90257,40.77362
323,-73.92354,40.77834
324,-73.91792,40.77716
325,-73.92112,40.77414
326,-73.91462,40.77356
327,-73.91212,40.77129
328,-73.93166,40.77412
329,-73.92569,40.76666
330,-73.92768,40.76421
331,-73.93389,40.76977
332,-73.93026,40.76877
333,-73.93208,40.7664
334,-73.93421,40.76425
335,-73.91659,40.76702
336,-73.92036,40.76424
337,-73.92237,40.76175
338,-73.89346,40.76878
339,-73.89931,40.77029
340,-73.90565,40.76944
341,-73.90957,40.76486
342,-73.89999,40.76382
343,-73.90434,40.75756
344,-73.91019,40.75598
345,-73.91667,40.76053
346,-73.91252,40.75888
347,-73.92425,40.75938
348,-73.92598,40.75664
349,-73.91875,40.75502
350,-73.92809,40.75351
351,-73.93337,40.75395
352,-73.93842,40.75394
353,-73.94273,40.757
354,-73.94542,40.7546
355,-73.94483,40.76084
356,-73.92344,40.76886
357,-73.92254,40.77119
358,-73.92804,40.74878
359,-73.90353,40.78257
360,-73.92964,40.76011
361,-73.93345,40.75996
362,-73.95102,40.74316
363,-73.94548,40.74913
364,-73.93464,40.73983
365,-73.93056,40.74433
366,-73.9283,40.73972
367,-73.92487,40.73619
368,-73.91808,40.73892
369,-73.91987,40.73347
370,-73.92169,40.74454
371,-73.92262,40.73927
372,-73.91469,40.74785
373,-73.91543,40.74401
374,-73.91001,40.74445
375,-73.90719,40.74992
376,-73.90396,40.74822
377,-73.89984,40.75153
378,-73.90534,40.73899
379,-73.90465,40.74277
380,-73.89985,40.74195
381,-73.89937,40.74615
382,-73.90266,40.73608
383,-73.89258,40.73684
384,-73.93426,40.73355
385,-73.91146,40.73453
386,-73.89659,40.75768
387,-73.89559,40.75093
388,-73.88319,40.76409
389,-73.89102,40.76045
390,-73.89093,40.75071
391,-73.8862,40.75097
392,-73.88165,40.75163
393,-73.87706,40.75213
394,-73.88304,40.7584
395,-73.87837,40.76596
396,-73.8723,40.76722
397,-73.86688,40.76334
398,-73.87591,40.75903
399,-73.87141,40.76018
400,-73.87319,40.75193
401,-73.8707,40.74675
402,-73.86599,40.7592
403,-73.86085,40.75929
404,-73.86452,40.75513
405,-73.85845,40.75573
406,-73.86924,40.75189
407,-73.87474,40.77404
408,-73.89374,40.74468
409,-73.88837,40.74496
410,-73.88996,40.7415
411,-73.88509,40.73924
412,-73.86082,40.75036
413,-73.85617,40.75131
414,-73.86486,40.74984
415,-73.8617,40.74448
416,-73.85573,40.74492
417,-73.87688,40.74066
418,-73.87157,40.74281
419,-73.86581,40.74357
420,-73.85534,40.73947
421,-73.87062,40.73852
422,-73.86292,40.73983
423,-73.86271,40.73586
424,-73.87616,40.73342
425,-73.87635,40.73692
426,-73.86945,40.73485
427,-73.88401,40.73503
428,-73.88393,40.73096
429,-73.88279,40.7456
430,-73.87969,40.74492
431,-73.8762,40.74508
432,-73.84291,40.74447
433,-73.90003,40.73096
434,-73.89236,40.73164
435,-73.90033,40.72712
436,-73.8921,40.72763
437,-73.89934,40.71355
438,-73.90366,40.71793
439,-73.90549,40.72333
440,-73.89411,40.71715
441,-73.91667,40.71546
442,-73.91711,40.71
443,-73.90871,40.71329
444,-73.91117,40.70691
445,-73.90307,40.70783
446,-73.90897,40.7025
447,-73.90442,40.70134
448,-73.89016,40.70819
449,-73.89904,40.70295
450,-73.89908,40.6985
451,-73.90295,40.69598
452,-73.88353,40.7038
453,-73.87501,40.70954
454,-73.8734,40.70458
455,-73.88681,40.71917
456,-73.88124,40.71481
457,-73.87834,40.72409
458,-73.87644,40.72016
459,-73.87045,40.72365
460,-73.89091,40.72329
461,-73.88171,40.72635
462,-73.86774,40.71439
463,-73.85447,40.70859
464,-73.8647,40.70695
465,-73.85744,40.70345
466,-73.89291,40.69669
467,-73.88771,40.70043
468,-73.85295,40.70211
469,-73.84474,40.72325
470,-73.83891,40.72191
471,-73.8398,40.71663
472,-73.84372,40.71253
473,-73.85344,40.71549
474,-73.8505,40.72058
475,-73.85639,40.72537
476,-73.86794,40.72571
477,-73.86256,40.72209
478,-73.85932,40.71615
479,-73.86986,40.73009
480,-73.86376,40.72846
481,-73.86215,40.732
482,-73.85244,40.727
483,-73.85223,40.7356
484,-73.85593,40.73402
485,-73.8542,40.73081
486,-73.84866,40.72997
487,-73.84565,40.73212
488,-73.84848,40.78888
489,-73.84589,40.77709
490,-73.84373,40.78372
491,-73.83196,40.7874
492,-73.81912,40.79378
493,-73.83114,40.77009
494,-73.8358,40.75585
495,-73.83149,40.75942
496,-73.83161,40.76259
497,-73.83144,40.75534
498,-73.82796,40.75699
499,-73.82541,40.76244
500,-73.82396,40.75941
501,-73.82088,40.75598
502,-73.82843,40.75161
503,-73.82018,40.74573
504,-73.82777,40.74666
505,-73.83129,40.74466
506,-73.81496,40.75073
507,-73.79997,40.75704
508,-73.80541,40.75495
509,-73.81284,40.76192
510,-73.81322,40.7594
511,-73.81298,40.75627
512,-73.82036,40.76103
513,-73.81957,40.76353
514,-73.82614,40.76657
515,-73.82124,40.76842
516,-73.81434,40.76741
517,-73.79698,40.76133
518,-73.80565,40.76204
519,-73.80761,40.7736
520,-73.80172,40.76854
521,-73.81973,40.78388
522,-73.8208,40.7746
523,-73.81019,40.77904
524,-73.80784,40.78374
525,-73.79056,40.78072
526,-73.79874,40.77943
527,-73.80359,40.7908
528,-73.77714,40.79154
529,-73.78043,40.78361
530,-73.80142,40.75059
531,-73.80497,40.74498
532,-73.80625,40.74028
533,-73.83851,40.77393
534,-73.83164,40.73598
535,-73.81307,40.73258
536,-73.80773,40.73346
537,-73.79967,40.73504
538,-73.82512,40.72487
539,-73.81749,40.7266
540,-73.82197,40.71873
541,-73.81446,40.72055
542,-73.81284,40.71714
543,-73.82032,40.71363
544,-73.81465,40.71305
545,-73.81543,40.70578
546,-73.81161,40.70916
547,-73.80843,40.71213
548,-73.80392,40.71221
549,-73.79983,40.71432
550,-73.79527,40.71423
551,-73.78802,40.71521
552,-73.77945,40.71764
553,-73.77161,40.72221
554,-73.76659,40.71932
555,-73.80826,40.72371
556,-73.79974,40.72711
557,-73.79943,40.72008
558,-73.79051,40.72829
559,-73.77989,40.73176
560,-73.78778,40.72239
561,-73.78175,40.72554
562,-73.79146,40.73512
563,-73.78157,40.73795
564,-73.76858,40.73373
565,-73.83281,40.70987
566,-73.8235,40.70895
567,-73.82723,40.70613
568,-73.83693,40.70044
569,-73.83531,40.70477
570,-73.82931,40.70329
571,-73.861,40.69404
572,-73.86263,40.688
573,-73.85414,40.68974
574,-73.8446,40.69222
575,-73.82099,40.69841
576,-73.82755,40.69933
577,-73.83365,40.69559
578,-73.85847,40.68318
579,-73.84783,40.68581
580,-73.84333,40.6828
581,-73.83736,40.68109
582,-73.83623,40.68962
583,-73.83321,40.68677
584,-73.82032,40.69252
585,-73.84579,40.69687
586,-73.85196,40.67859
587,-73.85252,40.67424
588,-73.84179,40.67672
589,-73.83217,40.67308
590,-73.8391,40.67065
591,-73.85336,40.66575
592,-73.84737,40.65408
593,-73.83508,40.65798
594,-73.83015,40.68127
595,-73.81664,40.68722
596,-73.82474,40.68171
597,-73.81985,40.68005
598,-73.81216,40.68324
599,-73.80922,40.67813
600,-73.81833,40.67375
601,-73.82087,40.66879
602,-73.8097,40.67044
603,-73.80415,40.67042
604,-73.81053,40.66454
605,-73.78627,40.64723
606,-73.77958,40.77183
607,-73.77189,40.77462
608,-73.76593,40.76696
609,-73.77727,40.76531
610,-73.79107,40.76411
611,-73.78845,40.77027
612,-73.78373,40.76406
613,-73.79233,40.75404
614,-73.79163,40.74561
615,-73.79482,40.74003
616,-73.7878,40.75938
617,-73.78164,40.75935
618,-73.78501,40.75228
619,-73.77877,40.75316
620,-73.78267,40.74496
621,-73.77596,40.74685
622,-73.77374,40.76115
623,-73.76392,40.76141
624,-73.77296,40.75673
625,-73.77089,40.75273
626,-73.76722,40.74896
627,-73.76415,40.75556
628,-73.75432,40.73743
629,-73.75456,40.7319
630,-73.76075,40.7442
631,-73.75037,40.74713
632,-73.75047,40.7597
633,-73.74247,40.74531
634,-73.74707,40.7725
635,-73.73415,40.75268
636,-73.72485,40.75976
637,-73.7408,40.76222
638,-73.73148,40.76662
639,-73.75524,40.75461
640,-73.81215,40.7007
641,-73.80875,40.69796
642,-73.8101,40.6942
643,-73.80726,40.7059
644,-73.8058,40.70306
645,-73.79364,40.70788
646,-73.78826,40.70956
647,-73.79897,40.70074
648,-73.79584,40.69481
649,-73.78984,40.69756
650,-73.80554,40.69201
651,-73.80242,40.68737
652,-73.79894,40.68363
653,-73.79675,40.67737
654,-73.78651,40.66933
655,-73.79431,40.67146
656,-73.79694,40.66889
657,-73.7924,40.6895
658,-73.78488,40.69178
659,-73.78939,40.68513
660,-73.78194,40.68689
661,-73.78658,40.67855
662,-73.77723,40.68302
663,-73.77984,40.67188
664,-73.76433,40.67002
665,-73.77246,40.67517
666,-73.76789,40.67905
667,-73.76493,40.68528
668,-73.75814,40.67932
669,-73.75448,40.68929
670,-73.77257,40.68935
671,-73.77109,40.69627
672,-73.75546,40.70073
673,-73.75734,40.69568
674,-73.78304,40.70072
675,-73.7813,40.70562
676,-73.78284,40.71032
677,-73.77789,40.7111
678,-73.77349,40.71258
679,-73.76412,40.71173
680,-73.76321,40.71524
681,-73.76027,40.70582
682,-73.75955,40.70936
683,-73.79856,40.70523
684,-73.80017,40.70786
685,-73.71564,40.75262
686,-73.70802,40.74326
687,-73.70783,40.73364
688,-73.71984,40.73849
689,-73.71777,40.72871
690,-73.7402,40.73345
691,-73.73027,40.74046
692,-73.72523,40.73557
693,-73.7295,40.72844
694,-73.74983,40.72801
695,-73.75887,40.72275
696,-73.75158,40.72299
697,-73.74225,40.72267
698,-73.73647,40.72487
699,-73.75357,40.71672
700,-73.74681,40.71889
701,-73.73374,40.71539
702,-73.74366,40.71254
703,-73.75057,40.71016
704,-73.73791,40.70678
705,-73.73102,40.70724
706,-73.72931,40.70133
707,-73.74606,40.70072
708,-73.74447,40.70608
709,-73.73734,40.70104
710,-73.73162,40.69831
711,-73.73941,40.69747
712,-73.73078,40.69415
713,-73.74282,40.69171
714,-73.7365,40.68977
715,-73.72968,40.68747
716,-73.7294,40.67768
717,-73.74039,40.6775
718,-73.73859,40.68357
719,-73.74871,40.68179
720,-73.75149,40.67569
721,-73.75625,40.67173
722,-73.74298,40.67285
723,-73.74739,40.66883
724,-73.7335,40.66984
725,-73.77389,40.66474
726,-73.76564,40.66137
727,-73.78348,40.66552
728,-73.74052,40.66237
729,-73.72995,40.65973
730,-73.73385,40.65857
731,-73.74539,40.65073
732,-73.75083,40.65585
733,-73.75069,40.66366
734,-73.75599,40.66032
735,-73.75078,40.60746
736,-73.76499,40.60603
737,-73.76791,40.59518
738,-73.7464,40.59892
739,-73.75892,40.59575
740,-73.78084,40.59814
741,-73.79644,40.5939
742,-73.81227,40.58786
743,-73.83776,40.58029
744,-73.89657,40.5627
745,-73.81328,40.61527
746,-73.93948,40.76162
747,-73.918,40.72386
748,-73.92271,40.72979
749,-73.88612,40.69316
750,-73.77104,40.70474
751,-73.82646,40.74028
752,-73.82267,40.73353
753,-73.91687,40.80372
754,-73.92601,40.8089
755,-73.92127,40.80685
756,-73.91701,40.80494
757,-73.91349,40.80722
758,-73.91118,40.81111
759,-73.90621,40.80995
760,-73.92984,40.82035
761,-73.92705,40.81367
762,-73.92193,40.80965
763,-73.91999,40.81134
764,-73.92193,40.81731
765,-73.91762,40.81355
766,-73.91345,40.81813
767,-73.91627,40.82174
768,-73.91869,40.8194
769,-73.9078,40.819
770,-73.90731,40.81521
771,-73.88969,40.81517
772,-73.89448,40.81428
773,-73.89794,40.80593
774,-73.88731,40.81959
775,-73.88558,40.81588
776,-73.87705,40.81045
777,-73.90117,40.81482
778,-73.89772,40.81957
779,-73.89455,40.81841
780,-73.89409,40.82231
781,-73.89014,40.8232
782,-73.88844,40.82591
783,-73.89841,40.82582
784,-73.89934,40.82251
785,-73.89284,40.82556
786,-73.90759,40.83137
787,-73.90986,40.82702
788,-73.91264,40.82727
789,-73.91286,40.82352
790,-73.90261,40.82706
791,-73.90649,40.82622
792,-73.90403,40.82272
793,-73.90537,40.83517
794,-73.90104,40.8428
795,-73.90287,40.83956
796,-73.89554,40.83852
797,-73.90196,40.83255
798,-73.89896,40.831
799,-73.89457,40.83342
800,-73.89041,40.83557
801,-73.89405,40.82856
802,-73.88944,40.82822
803,-73.88863,40.83202
804,-73.88542,40.83678
805,-73.92626,40.82435
806,-73.9233,40.82247
807,-73.92729,40.82992
808,-73.92287,40.83046
809,-73.92038,40.8352
810,-73.92897,40.8338
811,-73.93042,40.83191
812,-73.92592,40.83673
813,-73.92633,40.84181
814,-73.92398,40.84036
815,-73.91998,40.84172
816,-73.9148,40.8419
817,-73.91746,40.83787
818,-73.91992,40.82814
819,-73.91704,40.82615
820,-73.91756,40.83192
821,-73.91412,40.83071
822,-73.91476,40.83586
823,-73.91066,40.83484
824,-73.91143,40.84069
825,-73.90793,40.8414
826,-73.92076,40.84926
827,-73.91879,40.85593
828,-73.91375,40.84812
829,-73.91809,40.84733
830,-73.91493,40.85402
831,-73.91353,40.8574
832,-73.91191,40.85256
833,-73.90812,40.85662
834,-73.89906,40.85163
835,-73.90235,40.85183
836,-73.90648,40.85328
837,-73.9049,40.85223
838,-73.91035,40.84818
839,-73.9078,40.84594
840,-73.90295,40.84599
841,-73.90509,40.84824
842,-73.90323,40.85899
843,-73.90083,40.85861
844,-73.8967,40.85736
845,-73.89568,40.86052
846,-73.89133,40.84146
847,-73.88377,40.84013
848,-73.89022,40.84326
849,-73.87566,40.83873
850,-73.87595,40.84278
851,-73.88327,40.84441
852,-73.88728,40.84655
853,-73.89047,40.84876
854,-73.89775,40.8452
855,-73.89653,40.85036
856,-73.89313,40.85017
857,-73.89266,40.85632
858,-73.88341,40.85234
859,-73.88728,40.85312
860,-73.88512,40.85643
861,-73.88931,40.85799
862,-73.88561,40.86182
863,-73.91312,40.86043
864,-73.90929,40.8606
865,-73.90496,40.86106
866,-73.90889,40.8677
867,-73.90621,40.86663
868,-73.90467,40.86485
869,-73.90099,40.86566
870,-73.89787,40.86465
871,-73.8938,40.86353
872,-73.89042,40.86659
873,-73.89449,40.86868
874,-73.89064,40.8713
875,-73.88736,40.869
876,-73.88753,40.87535
877,-73.88556,40.87382
878,-73.88393,40.86995
879,-73.87937,40.87079
880,-73.88311,40.88126
881,-73.88202,40.87663
882,-73.87767,40.87684
883,-73.87439,40.87575
884,-73.87677,40.88167
885,-73.89287,40.87543
886,-73.90082,40.87129
887,-73.90192,40.87802
888,-73.90359,40.8737
889,-73.89773,40.88225
890,-73.891,40.88359
891,-73.90289,40.88063
892,-73.90779,40.87917
893,-73.90396,40.8847
894,-73.91843,40.88019
895,-73.91846,40.88305
896,-73.9091,40.88469
897,-73.9125,40.88465
898,-73.90581,40.89045
899,-73.90048,40.89503
900,-73.90577,40.89734
901,-73.90035,40.90969
902,-73.90115,40.90436
903,-73.91084,40.9048
904,-73.91357,40.89305
905,-73.88236,40.83284
906,-73.87591,40.83313
907,-73.88001,40.8309
908,-73.86562,40.83309
909,-73.87109,40.83299
910,-73.86544,40.83733
911,-73.87033,40.83725
912,-73.86275,40.83688
913,-73.8596,40.83594
914,-73.85638,40.83453
915,-73.85736,40.83921
916,-73.85106,40.83632
917,-73.84981,40.83933
918,-73.8465,40.8411
919,-73.85307,40.83202
920,-73.84693,40.83093
921,-73.84342,40.83498
922,-73.88297,40.82556
923,-73.87868,40.82616
924,-73.87485,40.82683
925,-73.86706,40.82634
926,-73.86837,40.82923
927,-73.85364,40.82876
928,-73.86141,40.83064
929,-73.85899,40.82806
930,-73.87855,40.82165
931,-73.87184,40.81643
932,-73.86956,40.82248
933,-73.86298,40.81382
934,-73.86368,40.82346
935,-73.85927,40.81882
936,-73.85285,40.81248
937,-73.85801,40.82468
938,-73.85,40.82505
939,-73.84351,40.82093
940,-73.84864,40.8183
941,-73.82813,40.87415
942,-73.82359,40.86317
943,-73.83452,40.84728
944,-73.83155,40.8521
945,-73.82319,40.85381
946,-73.83254,40.84138
947,-73.83111,40.84568
948,-73.83665,40.83301
949,-73.8298,40.83704
950,-73.82077,40.82656
951,-73.82536,40.83177
952,-73.83047,40.82856
953,-73.82504,40.82579
954,-73.83397,40.81713
955,-73.82177,40.81706
956,-73.80613,40.81323
957,-73.81071,40.82123
958,-73.81825,40.83086
959,-73.82103,40.84104
960,-73.78153,40.84907
961,-73.86899,40.86831
962,-73.8661,40.86824
963,-73.86321,40.86821
964,-73.8635,40.86158
965,-73.86008,40.86124
966,-73.86035,40.86819
967,-73.86931,40.86139
968,-73.86635,40.86155
969,-73.85745,40.86817
970,-73.85142,40.86819
971,-73.85313,40.86192
972,-73.84535,40.8671
973,-73.8411,40.8661
974,-73.84599,40.86145
975,-73.83802,40.86125
976,-73.86581,40.85429
977,-73.85874,40.85323
978,-73.85192,40.85421
979,-73.83982,40.8486
980,-73.84527,40.85515
981,-73.86946,40.84149
982,-73.86789,40.84501
983,-73.86057,40.84274
984,-73.86321,40.84462
985,-73.8652,40.84807
986,-73.85079,40.84398
987,-73.85543,40.8471
988,-73.8483,40.84896
989,-73.85395,40.87201
990,-73.85927,40.87282
991,-73.86514,40.87388
992,-73.8694,40.87422
993,-73.84972,40.87345
994,-73.84306,40.87379
995,-73.83644,40.86668
996,-73.85577,40.87603
997,-73.84879,40.8795
998,-73.86206,40.87922
999,-73.85569,40.8793
1000,-73.85941,40.88416
1001,-73.85393,40.8825
1002,-73.8603,40.89272
1003,-73.86453,40.88461
1004,-73.85675,40.88911
1005,-73.85101,40.88738
1006,-73.83526,40.88598
1007,-73.84426,40.88378
1008,-73.83465,40.87858
1009,-73.81453,40.88721
1010,-73.8313,40.89018
1011,-73.84488,40.89137
1012,-73.87167,40.8978
1013,-73.86547,40.8988
1014,-73.85094,40.9002
1015,-73.85465,40.90328
1016,-73.8597,40.89709
1017,-73.855,40.89518
1018,-73.84177,40.89523
1019,-73.84608,40.89422
1020,-73.85022,40.897
1021,-73.84521,40.90096
1022,-73.88249,40.89432
1023,-73.80408,40.8712
1024,-73.87578,40.8577
1025,-73.88353,40.7911
1026,-73.93069,40.71733
1027,-73.92255,40.71066
1028,-73.94901,40.73362
1029,-73.94141,40.72864
1030,-73.94315,40.72317
1031,-73.93853,40.72561
1032,-73.96258,40.7241
1033,-73.95743,40.73398
1034,-73.95704,40.7299
1035,-73.9535,40.73185
1036,-73.95549,40.72614
1037,-73.95263,40.72339
1038,-73.94787,40.72443
1039,-73.94911,40.72767
1040,-73.94917,40.71949
1041,-73.9569,40.71833
1042,-73.95539,40.71528
1043,-73.96058,40.71914
1044,-73.96619,40.70809
1045,-73.96556,40.71069
1046,-73.96396,40.71334
1047,-73.95901,40.71124
1048,-73.96024,40.70846
1049,-73.96151,40.70574
1050,-73.96466,40.70396
1051,-73.95466,40.7006
1052,-73.95778,40.70348
1053,-73.96045,40.70018
1054,-73.95239,40.71134
1055,-73.95388,40.70797
1056,-73.94748,40.7012
1057,-73.95092,40.703
1058,-73.95484,40.70552
1059,-73.9396,40.70264
1060,-73.94442,40.70325
1061,-73.92905,40.7062
1062,-73.93674,40.70897
1063,-73.9359,40.70394
1064,-73.94155,40.70738
1065,-73.94692,40.70736
1066,-73.9387,40.71344
1067,-73.9436,40.71195
1068,-73.94768,40.71177
1069,-73.93865,40.71888
1070,-73.94235,40.71783
1071,-73.94481,40.71579
1072,-73.94917,40.71531
1073,-73.98728,40.70276
1074,-73.97225,40.70135
1075,-73.98821,40.69306
1076,-73.99213,40.69157
1077,-73.98381,40.69938
1078,-73.98299,40.69571
1079,-73.98417,40.69218
1080,-73.98899,40.69744
1081,-73.99923,40.69541
1082,-73.99422,40.69523
1083,-73.99701,40.6919
1084,-73.98138,40.68474
1085,-73.98559,40.68643
1086,-73.99013,40.68805
1087,-73.98523,40.68921
1088,-73.97829,40.69147
1089,-73.972,40.69123
1090,-73.96799,40.69129
1091,-73.97866,40.68838
1092,-73.97668,40.68515
1093,-73.97184,40.68408
1094,-73.97289,40.68765
1095,-73.97646,40.69462
1096,-73.97556,40.69688
1097,-73.97113,40.6944
1098,-73.96693,40.69675
1099,-73.96486,40.69511
1100,-73.96317,40.69116
1101,-73.96731,40.68788
1102,-73.96743,40.68386
1103,-73.9627,40.68462
1104,-73.95767,40.68136
1105,-73.9523,40.68275
1106,-73.94963,40.67921
1107,-73.94879,40.68282
1108,-73.95724,40.685
1109,-73.95802,40.68868
1110,-73.9533,40.68734
1111,-73.9583,40.6924
1112,-73.95907,40.69642
1113,-73.95518,40.69686
1114,-73.95427,40.6921
1115,-73.95169,40.69726
1116,-73.94724,40.69777
1117,-73.94252,40.6993
1118,-73.94134,40.69733
1119,-73.95079,40.69251
1120,-73.94631,40.69302
1121,-73.93976,40.68968
1122,-73.94058,40.69371
1123,-73.9437,40.68108
1124,-73.94066,40.67861
1125,-73.93389,40.67847
1126,-73.93778,40.68089
1127,-73.93194,40.68106
1128,-73.94982,40.68774
1129,-73.94527,40.68788
1130,-73.9444,40.68379
1131,-73.93452,40.69417
1132,-73.93397,40.69031
1133,-73.92816,40.69039
1134,-73.93855,40.68366
1135,-73.93913,40.68666
1136,-73.93332,40.68731
1137,-73.93276,40.68435
1138,-73.92129,40.68566
1139,-73.92688,40.68579
1140,-73.92626,40.67796
1141,-73.91978,40.6803
1142,-73.92564,40.68091
1143,-73.90871,40.6844
1144,-73.90267,40.68355
1145,-73.90511,40.69093
1146,-73.90761,40.6878
1147,-73.91953,40.6889
1148,-73.91795,40.69016
1149,-73.91315,40.68637
1150,-73.9129,40.69083
1151,-73.91828,40.69368
1152,-73.91069,40.69411
1153,-73.90983,40.6972
1154,-73.92008,40.69945
1155,-73.91627,40.6973
1156,-73.91446,40.70099
1157,-73.91704,40.70288
1158,-73.92513,40.69291
1159,-73.92134,40.69524
1160,-73.92439,40.69693
1161,-73.92141,40.70543
1162,-73.92543,40.7024
1163,-73.93769,40.69934
1164,-73.93404,40.69963
1165,-73.93048,40.69556
1166,-73.92941,40.70001
1167,-73.87877,40.68915
1168,-73.89441,40.67706
1169,-73.89642,40.68073
1170,-73.87031,40.68508
1171,-73.86904,40.67877
1172,-73.86652,40.67536
1173,-73.87751,40.6836
1174,-73.87839,40.67483
1175,-73.87395,40.6757
1176,-73.86584,40.67109
1177,-73.86372,40.66482
1178,-73.87046,40.64941
1179,-73.88342,40.6475
1180,-73.88511,40.67805
1181,-73.88622,40.68163
1182,-73.87677,40.65858
1183,-73.87745,40.66226
1184,-73.87697,40.66539
1185,-73.87666,40.66851
1186,-73.88118,40.66639
1187,-73.87289,40.66987
1188,-73.88739,40.67368
1189,-73.88538,40.66977
1190,-73.88717,40.66467
1191,-73.8932,40.66306
1192,-73.89151,40.65417
1193,-73.88794,40.6594
1194,-73.88495,40.65715
1195,-73.89467,40.67058
1196,-73.89838,40.66782
1197,-73.89828,40.66151
1198,-74.00988,40.67516
1199,-74.00148,40.6879
1200,-74.00212,40.684
1201,-73.99581,40.68794
1202,-73.99992,40.67889
1203,-73.99772,40.68401
1204,-73.99223,40.68508
1205,-73.98768,40.68319
1206,-73.98331,40.68159
1207,-73.99273,40.66958
1208,-73.99201,40.67365
1209,-73.98579,40.67821
1210,-73.979,40.6816
1211,-73.97651,40.68063
1212,-73.98005,40.6776
1213,-73.97346,40.67511
1214,-73.97368,40.67975
1215,-73.97049,40.67905
1216,-73.97898,40.67039
1217,-73.97682,40.67294
1218,-73.97449,40.66992
1219,-73.98292,40.66561
1220,-73.98095,40.668
1221,-73.97913,40.66424
1222,-73.9827,40.67384
1223,-73.98572,40.67027
1224,-73.98771,40.66783
1225,-73.98974,40.66525
1226,-73.99251,40.68112
1227,-73.9957,40.67681
1228,-74.01598,40.65301
1229,-73.98684,40.66136
1230,-73.98218,40.65803
1231,-73.9771,40.65689
1232,-73.97785,40.64806
1233,-73.97761,40.65265
1234,-73.97388,40.64852
1235,-74.00037,40.65818
1236,-73.99311,40.66345
1237,-73.99548,40.66117
1238,-74.01068,40.64849
1239,-74.00625,40.65265
1240,-74.00417,40.64783
1241,-74.00007,40.64877
1242,-73.99976,40.64516
1243,-74.00619,40.64587
1244,-74.00858,40.64362
1245,-74.01777,40.64175
1246,-74.0142,40.64512
1247,-74.0188,40.63842
1248,-74.01196,40.63492
1249,-74.01089,40.64135
1250,-74.01327,40.63915
1251,-74.00184,40.64323
1252,-74.00415,40.64093
1253,-74.00884,40.63643
1254,-74.00648,40.63869
1255,-73.99061,40.65193
1256,-73.96574,40.67849
1257,-73.95472,40.67599
1258,-73.95948,40.67716
1259,-73.96706,40.67483
1260,-73.96367,40.67322
1261,-73.9594,40.67256
1262,-73.95559,40.67185
1263,-73.95031,40.67668
1264,-73.95056,40.67238
1265,-73.94475,40.67502
1266,-73.9392,40.67471
1267,-73.94243,40.66926
1268,-73.94233,40.6711
1269,-73.92651,40.67542
1270,-73.93368,40.67443
1271,-73.92825,40.67258
1272,-73.92849,40.66805
1273,-73.92409,40.67037
1274,-73.93418,40.66838
1275,-73.96934,40.66189
1276,-73.9597,40.66045
1277,-73.95815,40.65431
1278,-73.94548,40.66354
1279,-73.96089,40.66803
1280,-73.95807,40.66716
1281,-73.94971,40.6667
1282,-73.9525,40.6667
1283,-73.95537,40.66634
1284,-73.94275,40.66657
1285,-73.95385,40.65894
1286,-73.94922,40.65882
1287,-73.94118,40.66031
1288,-73.93976,40.65717
1289,-73.93367,40.66428
1290,-73.93125,40.6602
1291,-74.02399,40.61028
1292,-74.03538,40.61689
1293,-74.03521,40.61427
1294,-74.03181,40.61358
1295,-74.03775,40.62207
1296,-74.03255,40.61878
1297,-74.03207,40.62177
1298,-74.02298,40.62655
1299,-74.02597,40.62399
1300,-74.02292,40.62217
1301,-74.02726,40.61868
1302,-74.03583,40.62878
1303,-74.03087,40.62459
1304,-74.02928,40.62861
1305,-74.02975,40.63841
1306,-74.03481,40.63602
1307,-74.03143,40.63441
1308,-74.02794,40.63181
1309,-74.02673,40.63492
1310,-74.02477,40.638
1311,-74.02129,40.63375
1312,-74.01998,40.63007
1313,-74.01388,40.63044
1314,-74.01781,40.62267
1315,-74.01549,40.61776
1316,-74.00904,40.61706
1317,-74.01138,40.62175
1318,-74.00153,40.62554
1319,-74.00462,40.62313
1320,-74.00938,40.62655
1321,-74.00632,40.62921
1322,-74.03729,40.62943
1323,-74.0104,40.60746
1324,-74.00638,40.6019
1325,-74.00052,40.59964
1326,-74.00043,40.60615
1327,-73.99582,40.60375
1328,-73.99426,40.59409
1329,-73.99107,40.5955
1330,-73.99338,40.60087
1331,-73.98822,40.60076
1332,-73.98897,40.59718
1333,-73.99747,40.61852
1334,-73.99873,40.61293
1335,-73.99229,40.61117
1336,-73.99164,40.6069
1337,-73.9842,40.61652
1338,-73.98688,40.61398
1339,-73.99319,40.62223
1340,-73.99252,40.61963
1341,-73.99276,40.61672
1342,-74.00523,40.61351
1343,-74.00184,40.61916
1344,-73.98453,40.60916
1345,-73.98103,40.61057
1346,-73.97774,40.61146
1347,-73.98261,40.60312
1348,-73.97509,40.60263
1349,-73.97643,40.60666
1350,-73.99469,40.6432
1351,-73.99961,40.63927
1352,-74.00411,40.63575
1353,-74.00137,40.62969
1354,-74.00018,40.63259
1355,-73.99825,40.63419
1356,-73.9959,40.63597
1357,-73.99335,40.63807
1358,-73.99065,40.64029
1359,-73.98456,40.64376
1360,-73.98073,40.64349
1361,-73.97046,40.64069
1362,-73.97407,40.6428
1363,-73.98316,40.63833
1364,-73.97914,40.63319
1365,-73.98653,40.63591
1366,-73.98833,40.63369
1367,-73.99007,40.632
1368,-73.99182,40.63033
1369,-73.99357,40.62865
1370,-73.99324,40.62566
1371,-73.98389,40.61967
1372,-73.98337,40.62292
1373,-73.98166,40.62573
1374,-73.98181,40.62956
1375,-73.97369,40.62379
1376,-73.96769,40.62269
1377,-73.96951,40.61192
1378,-73.97312,40.61638
1379,-73.97872,40.63871
1380,-73.97643,40.64035
1381,-73.97338,40.63785
1382,-74.00747,40.57671
1383,-73.99703,40.57243
1384,-73.99703,40.57424
1385,-73.98862,40.57618
1386,-73.9817,40.57309
1387,-73.9974,40.58995
1388,-73.9883,40.58905
1389,-73.98228,40.58005
1390,-73.97855,40.57729
1391,-73.9732,40.57998
1392,-73.97069,40.57854
1393,-73.96026,40.576
1394,-73.96406,40.58766
1395,-73.97108,40.58709
1396,-73.95725,40.5802
1397,-73.96459,40.57891
1398,-73.9646,40.5827
1399,-73.99855,40.57799
1400,-73.96213,40.65242
1401,-73.96037,40.6475
1402,-73.95753,40.6397
1403,-73.96167,40.64259
1404,-73.96102,40.63779
1405,-73.96712,40.64882
1406,-73.96364,40.64641
1407,-73.96744,40.64378
1408,-73.96564,40.63678
1409,-73.95143,40.6337
1410,-73.94813,40.63574
1411,-73.96894,40.63014
1412,-73.96291,40.63161
1413,-73.95897,40.63176
1414,-73.96243,40.62671
1415,-73.96182,40.6214
1416,-73.96205,40.61718
1417,-73.96128,40.6127
1418,-73.95558,40.61304
1419,-73.95622,40.61972
1420,-73.94933,40.62163
1421,-73.95056,40.61657
1422,-73.95117,40.6263
1423,-73.95702,40.62561
1424,-73.95409,40.63171
1425,-73.97476,40.63014
1426,-73.96972,40.63305
1427,-73.97388,40.63409
1428,-73.94396,40.57861
1429,-73.94518,40.58456
1430,-73.9283,40.59203
1431,-73.93727,40.59936
1432,-73.93863,40.59645
1433,-73.93533,40.59248
1434,-73.94833,40.59305
1435,-73.94378,40.59469
1436,-73.94109,40.5912
1437,-73.95549,40.59354
1438,-73.95754,40.58974
1439,-73.97595,40.59364
1440,-73.97999,40.59674
1441,-73.96846,40.59605
1442,-73.96441,40.59433
1443,-73.94999,40.59971
1444,-73.95769,40.59881
1445,-73.94274,40.60497
1446,-73.94035,40.60281
1447,-73.94773,40.60904
1448,-73.95526,40.60714
1449,-73.95781,40.60337
1450,-73.96691,40.60303
1451,-73.96791,40.6078
1452,-73.93722,40.58801
1453,-73.94966,40.58689
1454,-73.91031,40.66966
1455,-73.90316,40.67199
1456,-73.90535,40.67725
1457,-73.9099,40.67946
1458,-73.91519,40.68203
1459,-73.91683,40.67743
1460,-73.91668,40.67369
1461,-73.90832,40.67443
1462,-73.91757,40.6682
1463,-73.92033,40.66609
1464,-73.91489,40.6607
1465,-73.91043,40.66098
1466,-73.90404,40.66547
1467,-73.90828,40.66482
1468,-73.90522,40.66139
1469,-73.90498,40.65709
1470,-73.95154,40.65331
1471,-73.95464,40.65313
1472,-73.9444,40.6534
1473,-73.94819,40.65294
1474,-73.93873,40.65356
1475,-73.92988,40.65423
1476,-73.93352,40.65411
1477,-73.9539,40.64075
1478,-73.95517,40.64454
1479,-73.95554,40.64842
1480,-73.94956,40.6487
1481,-73.94913,40.64488
1482,-73.9379,40.64613
1483,-73.93884,40.64948
1484,-73.94976,40.64083
1485,-73.94405,40.641
1486,-73.93355,40.63626
1487,-73.93473,40.64166
1488,-73.94119,40.63422
1489,-73.94161,40.63773
1490,-73.92816,40.64823
1491,-73.92363,40.64864
1492,-73.91222,40.65241
1493,-73.91765,40.64938
1494,-73.91608,40.657
1495,-73.92104,40.65741
1496,-73.91851,40.65392
1497,-73.92462,40.66182
1498,-73.92564,40.65532
1499,-73.89334,40.59429
1500,-73.9048,40.61862
1501,-73.9101,40.6105
1502,-73.91569,40.59299
1503,-73.9354,40.61104
1504,-73.92779,40.61116
1505,-73.9416,40.6148
1506,-73.9354,40.6189
1507,-73.93624,40.62408
1508,-73.9415,40.62236
1509,-73.94305,40.61864
1510,-73.93979,40.62765
1511,-73.94537,40.62696
1512,-73.94131,40.63088
1513,-73.92799,40.63172
1514,-73.92753,40.62938
1515,-73.93218,40.62702
1516,-73.92635,40.63905
1517,-73.92279,40.63791
1518,-73.85508,40.61524
1519,-73.89806,40.6486
1520,-73.9022,40.65258
1521,-73.91534,40.64586
1522,-73.91658,40.63747
1523,-73.9125,40.64076
1524,-73.90806,40.64445
1525,-73.92452,40.61666
1526,-73.92904,40.62103
1527,-73.92214,40.62741
1528,-73.91877,40.61609
1529,-73.92095,40.62186
1530,-73.88926,40.63016
1531,-73.89542,40.64459
1532,-73.89178,40.64132
1533,-73.88793,40.63986
1534,-73.89963,40.63865
1535,-73.89814,40.63472
1536,-73.90832,40.63249
1537,-73.90042,40.63077
1538,-73.9808,40.58761
1539,-74.0839,40.64542
1540,-74.0832,40.63997
1541,-74.0973,40.63981
1542,-74.09142,40.63337
1543,-74.10317,40.6317
1544,-74.0998,40.62512
1545,-74.08575,40.62765
1546,-74.09386,40.62105
1547,-74.09528,40.61412
1548,-74.10981,40.61257
1549,-74.11156,40.64076
1550,-74.1124,40.63355
1551,-74.1102,40.6257
1552,-74.12359,40.63494
1553,-74.12741,40.6286
1554,-74.11937,40.6285
1555,-74.11693,40.61908
1556,-74.13459,40.63676
1557,-74.14377,40.63514
1558,-74.13758,40.63179
1559,-74.14231,40.62729
1560,-74.16067,40.6363
1561,-74.15967,40.62994
1562,-74.14988,40.62929
1563,-74.17565,40.6351
1564,-74.15803,40.62159
1565,-74.14698,40.61763
1566,-74.1405,40.61207
1567,-74.1351,40.62163
1568,-74.12801,40.61721
1569,-74.07754,40.64085
1570,-74.07978,40.62945
1571,-74.07694,40.62353
1572,-74.08324,40.61944
1573,-74.08101,40.61356
1574,-74.08246,40.63464
1575,-74.0681,40.61171
1576,-74.06335,40.61238
1577,-74.07385,40.60925
1578,-74.1868,40.60127
1579,-74.16852,40.60732
1580,-74.1522,40.59966
1581,-74.13905,40.59548
1582,-74.13136,40.59157
1583,-74.13847,40.60525
1584,-74.12664,40.60402
1585,-74.11864,40.60504
1586,-74.11026,40.60749
1587,-74.10196,40.60037
1588,-74.08679,40.60414
1589,-74.0889,40.59672
1590,-74.09536,40.59056
1591,-74.06511,40.60168
1592,-74.07874,40.59703
1593,-74.06583,40.59493
1594,-74.15678,40.58803
1595,-74.16377,40.58014
1596,-74.11808,40.58819
1597,-74.14776,40.57645
1598,-74.07922,40.58831
1599,-74.09022,40.57611
1600,-74.10558,40.565
1601,-74.11231,40.55707
1602,-74.12752,40.54583
1603,-74.1024,40.58319
1604,-74.11169,40.57582
1605,-74.11935,40.56793
1606,-74.13204,40.57039
1607,-74.14541,40.56123
1608,-74.13683,40.5545
1609,-74.15494,40.54215
1610,-74.1623,40.53606
1611,-74.17625,40.52959
1612,-74.16033,40.55665
1613,-74.17712,40.54506
1614,-74.18506,40.55737
1615,-74.19372,40.54744
1616,-74.21035,40.54877
1617,-74.20689,40.53411
1618,-74.24316,40.51564
1619,-74.23192,40.50827
1620,-74.19891,40.52012
1621,-74.21742,40.54842
1622,-74.1476,40.53798
1623,-73.74114,40.81614
1624,-73.74214,40.80403
1625,-73.73092,40.79206
1626,-73.72668,40.78683
1627,-73.72809,40.7753
1628,-73.69054,40.77298
1629,-73.69463,40.84652
1630,-73.70597,40.8433
1631,-73.69631,40.82666
1632,-73.67474,40.82239
1633,-73.69987,40.80943
1634,-73.67597,40.80742
1635,-73.68007,40.7989
1636,-73.69913,40.7869
1637,-73.67988,40.79225
1638,-73.64755,40.80576
1639,-73.62872,40.80311
1640,-73.63066,40.7876
1641,-73.64812,40.78632
1642,-73.65544,40.77084
1643,-73.63377,40.77271
1644,-73.60363,40.77963
1645,-73.70168,40.73168
1646,-73.69685,40.74068
1647,-73.69195,40.74874
1648,-73.67809,40.7459
1649,-73.68551,40.73537
1650,-73.68097,40.75905
1651,-73.6636,40.75648
1652,-73.66147,40.74552
1653,-73.66696,40.74076
1654,-73.65018,40.75923
1655,-73.6445,40.7582
1656,-73.63396,40.76076
1657,-73.6511,40.74705
1658,-73.64153,40.74494
1659,-73.62843,40.74868
1660,-73.61248,40.74987
1661,-73.59312,40.76183
1662,-73.59278,40.75567
1663,-73.58037,40.7596
1664,-73.56516,40.75976
1665,-73.72098,40.72302
1666,-73.71176,40.72073
1667,-73.69745,40.72479
1668,-73.69935,40.71759
1669,-73.68565,40.72572
1670,-73.70963,40.71248
1671,-73.71943,40.70262
1672,-73.70319,40.70102
1673,-73.69989,40.695
1674,-73.68285,40.71173
1675,-73.67104,40.71207
1676,-73.68557,40.69846
1677,-73.67192,40.70243
1678,-73.6736,40.69557
1679,-73.67791,40.68739
1680,-73.66048,40.71202
1681,-73.66161,40.68973
1682,-73.65391,40.70071
1683,-73.6501,40.69566
1684,-73.64737,40.70792
1685,-73.64277,40.69219
1686,-73.65133,40.67669
1687,-73.67668,40.72403
1688,-73.65185,40.72971
1689,-73.64022,40.71989
1690,-73.62501,40.73405
1691,-73.6337,40.70644
1692,-73.62381,40.71157
1693,-73.61433,40.71569
1694,-73.62534,40.69635
1695,-73.61694,40.69469
1696,-73.6092,40.6942
1697,-73.60902,40.70706
1698,-73.59839,40.73143
1699,-73.58927,40.71441
1700,-73.58791,40.70388
1701,-73.60134,40.69252
1702,-73.58858,40.69363
1703,-73.56866,40.74594
1704,-73.56873,40.73614
1705,-73.54804,40.73677
1706,-73.55293,40.73142
1707,-73.57516,40.70785
1708,-73.56831,40.71447
1709,-73.55555,40.70599
1710,-73.55438,40.71881
1711,-73.53784,40.71375
1712,-73.56406,40.69421
1713,-73.54338,40.70003
1714,-73.53346,40.73669
1715,-73.52563,40.73959
1716,-73.50364,40.73746
1717,-73.52845,40.72897
1718,-73.50067,40.72635
1719,-73.52535,40.71499
1720,-73.51398,40.72041
1721,-73.50873,40.71032
1722,-73.49474,40.70907
1723,-73.52127,40.70074
1724,-73.5056,40.69631
1725,-73.71454,40.68851
1726,-73.71661,40.68196
1727,-73.69339,40.68072
1728,-73.67458,40.67701
1729,-73.66781,40.67079
1730,-73.71696,40.67372
1731,-73.71922,40.66684
1732,-73.70144,40.66747
1733,-73.6914,40.67013
1734,-73.69652,40.65305
1735,-73.71472,40.65465
1736,-73.74849,40.62045
1737,-73.72792,40.62517
1738,-73.72675,40.64026
1739,-73.71046,40.6309
1740,-73.69384,40.62963
1741,-73.71501,40.60502
1742,-73.69453,40.64211
1743,-73.67955,40.66194
1744,-73.6761,40.65307
1745,-73.6829,40.65044
1746,-73.66441,40.65911
1747,-73.6666,40.64565
1748,-73.66783,40.63429
1749,-73.64815,40.65453
1750,-73.63969,40.65214
1751,-73.64212,40.66091
1752,-73.64136,40.66731
1753,-73.63324,40.67852
1754,-73.62548,40.6662
1755,-73.62364,40.68115
1756,-73.60936,40.67963
1757,-73.64903,40.64391
1758,-73.6542,40.6316
1759,-73.62815,40.6497
1760,-73.64435,40.6305
1761,-73.62842,40.63829
1762,-73.62885,40.62403
1763,-73.61093,40.66913
1764,-73.61167,40.65709
1765,-73.61049,40.6455
1766,-73.60451,40.6311
1767,-73.59178,40.67912
1768,-73.58131,40.68609
1769,-73.5771,40.6741
1770,-73.59107,40.66864
1771,-73.59065,40.6614
1772,-73.5934,40.6544
1773,-73.58973,40.64869
1774,-73.57324,40.65349
1775,-73.59077,40.63803
1776,-73.57984,40.63693
1777,-73.56716,40.68403
1778,-73.55517,40.6843
1779,-73.54287,40.68362
1780,-73.53147,40.6889
1781,-73.56308,40.66943
1782,-73.55828,40.65763
1783,-73.55931,40.6422
1784,-73.5493,40.66698
1785,-73.53952,40.64989
1786,-73.5333,40.67229
1787,-73.52848,40.65626
1788,-73.48864,40.69557
1789,-73.51652,40.67976
1790,-73.51041,40.65464
1791,-73.50281,40.68313
1792,-73.48872,40.68323
1793,-73.49406,40.66187
1794,-73.66458,40.60981
1795,-73.72792,40.58783
1796,-73.69063,40.58652
1797,-73.66873,40.59104
1798,-73.66979,40.58587
1799,-73.64834,40.58867
1800,-73.55352,40.60779
1801,-73.63791,40.88232
1802,-73.6354,40.86932
1803,-73.63083,40.85594
1804,-73.61671,40.86771
1805,-73.60642,40.86006
1806,-73.64417,40.84404
1807,-73.63608,40.828
1808,-73.61826,40.84488
1809,-73.56339,40.834
1810,-73.57697,40.80663
1811,-73.58203,40.88069
1812,-73.5354,40.90142
1813,-73.53104,40.85841
1814,-73.49349,40.86013
1815,-73.47005,40.82669
1816,-73.47138,40.80719
1817,-73.5061,40.82982
1818,-73.49215,40.82324
1819,-73.55209,40.7856
1820,-73.52584,40.78262
1821,-73.52735,40.79296
1822,-73.50657,40.80341
1823,-73.50101,40.79359
1824,-73.54077,40.76794
1825,-73.53988,40.75176
1826,-73.52582,40.75056
1827,-73.5143,40.75237
1828,-73.51274,40.76765
1829,-73.51169,40.78338
1830,-73.49783,40.77951
1831,-73.48848,40.77661
1832,-73.46038,40.79035
1833,-73.48664,40.78823
1834,-73.47669,40.78166
1835,-73.48875,40.76907
1836,-73.47055,40.76975
1837,-73.48448,40.76184
1838,-73.49231,40.74761
1839,-73.47557,40.74221
1840,-73.45443,40.75565
1841,-73.47831,40.72883
1842,-73.47674,40.72051
1843,-73.45017,40.73529
1844,-73.4433,40.72918
1845,-73.45694,40.72483
1846,-73.44944,40.71466
1847,-73.43748,40.71412
1848,-73.47017,40.7134
1849,-73.47097,40.70739
1850,-73.47598,40.69786
1851,-73.4597,40.69695
1852,-73.47093,40.68836
1853,-73.47265,40.68033
1854,-73.4771,40.66354
1855,-73.46343,40.65901
1856,-73.44758,40.68913
1857,-73.45469,40.66694
1858,-73.43628,40.69223
1859,-73.4509,40.63097
1860,-73.42924,40.67777
1861,-73.463,40.91362
1862,-73.44856,40.86047
1863,-73.43541,40.8823
1864,-73.41438,40.8916
1865,-73.39104,40.89247
1866,-73.36125,40.88365
1867,-73.3443,40.90351
1868,-73.31237,40.89265
1869,-73.33887,40.9183
1870,-73.42433,40.8642
1871,-73.42151,40.85266
1872,-73.40797,40.86111
1873,-73.42042,40.83813
1874,-73.40368,40.83825
1875,-73.38973,40.87137
1876,-73.38942,40.85049
1877,-73.38571,40.84091
1878,-73.34871,40.859
1879,-73.37422,40.85237
1880,-73.35196,40.84091
1881,-73.33406,40.88785
1882,-73.3157,40.87718
1883,-73.32567,40.85047
1884,-73.30438,40.85541
1885,-73.43413,40.81958
1886,-73.40965,40.82226
1887,-73.38478,40.82239
1888,-73.34352,40.81847
1889,-73.30147,40.83312
1890,-73.33401,40.83019
1891,-73.42029,40.78313
1892,-73.38774,40.77698
1893,-73.38869,40.79575
1894,-73.33565,40.79495
1895,-73.43089,40.75009
1896,-73.4148,40.73626
1897,-73.38658,40.74812
1898,-73.38456,40.72434
1899,-73.36073,40.76473
1900,-73.36291,40.74736
1901,-73.35809,40.73522
1902,-73.33564,40.75265
1903,-73.33058,40.7394
1904,-73.34389,40.76436
1905,-73.31381,40.77257
1906,-73.30917,40.75622
1907,-73.31552,40.73926
1908,-73.36627,40.71842
1909,-73.34031,40.72253
1910,-73.31789,40.72246
1911,-73.42224,40.71575
1912,-73.40631,40.7038
1913,-73.41834,40.69732
1914,-73.39385,40.70645
1915,-73.37929,40.70744
1916,-73.41686,40.67921
1917,-73.41531,40.66306
1918,-73.40113,40.68579
1919,-73.39063,40.66766
1920,-73.37415,40.69413
1921,-73.36919,40.67873
1922,-73.34958,40.70327
1923,-73.34271,40.63652
1924,-73.3283,40.70506
1925,-73.32754,40.69065
1926,-73.26148,40.87928
1927,-73.28032,40.90285
1928,-73.2473,40.89707
1929,-73.20885,40.87621
1930,-73.22032,40.84716
1931,-73.18897,40.86077
1932,-73.22791,40.89158
1933,-73.22919,40.87709
1934,-73.16526,40.86886
1935,-73.14616,40.87175
1936,-73.17876,40.90116
1937,-73.14542,40.88943
1938,-73.28498,40.85974
1939,-73.27251,40.85927
1940,-73.24354,40.85915
1941,-73.26955,40.84207
1942,-73.25526,40.83412
1943,-73.28303,40.82045
1944,-73.25056,40.81513
1945,-73.20464,40.8356
1946,-73.17761,40.83425
1947,-73.15262,40.84665
1948,-73.13359,40.83839
1949,-73.28586,40.79304
1950,-73.26309,40.79862
1951,-73.27233,40.78128
1952,-73.24359,40.79329
1953,-73.22053,40.80705
1954,-73.21637,40.7949
1955,-73.1953,40.79825
1956,-73.17429,40.81415
1957,-73.13686,40.82305
1958,-73.13727,40.81122
1959,-73.28673,40.75694
1960,-73.27109,40.76169
1961,-73.27249,40.73964
1962,-73.25365,40.77012
1963,-73.2544,40.75484
1964,-73.2524,40.74104
1965,-73.23999,40.75609
1966,-73.23387,40.75963
1967,-73.21953,40.76864
1968,-73.21154,40.77575
1969,-73.20176,40.77744
1970,-73.21553,40.74784
1971,-73.20534,40.75194
1972,-73.19325,40.76995
1973,-73.16775,40.75899
1974,-73.17717,40.78082
1975,-73.18753,40.7496
1976,-73.14161,40.79559
1977,-73.10337,40.79591
1978,-73.13467,40.77078
1979,-73.09615,40.77368
1980,-73.07578,40.77249
1981,-73.04789,40.80042
1982,-73.07717,40.79378
1983,-73.05854,40.79012
1984,-73.29946,40.73646
1985,-73.29796,40.72804
1986,-73.3017,40.71506
1987,-73.30064,40.69688
1988,-73.24819,40.67842
1989,-73.25391,40.71858
1990,-73.23893,40.72471
1991,-73.21534,40.73299
1992,-73.21426,40.71526
1993,-73.19017,40.72833
1994,-73.17658,40.72592
1995,-73.16518,40.71516
1996,-73.1474,40.73483
1997,-73.12735,40.73948
1998,-73.10141,40.74782
1999,-73.10592,40.72831
2000,-73.08361,40.73076
2001,-73.08046,40.75441
2002,-73.05563,40.75715
2003,-73.05706,40.73584
2004,-73.12445,40.94441
2005,-73.09405,40.91392
2006,-73.12628,40.88948
2007,-73.12238,40.91013
2008,-73.10651,40.89554
2009,-73.04558,40.88871
2010,-73.09741,40.86764
2011,-73.08147,40.87181
2012,-73.11673,40.86949
2013,-73.0903,40.88737
2014,-73.06247,40.87123
2015,-73.03471,40.87284
2016,-73.06639,40.89307
2017,-73.014,40.87656
2018,-73.07199,40.92934
2019,-73.06184,40.95041
2020,-73.01661,40.95097
2021,-72.96645,40.9554
2022,-73.00914,40.92522
2023,-73.04516,40.91218
2024,-72.98394,40.8873
2025,-72.96033,40.89237
2026,-72.97989,40.92757
2027,-73.02306,40.90422
2028,-73.00562,40.89032
2029,-72.93548,40.93397
2030,-72.88086,40.95384
2031,-72.93137,40.89676
2032,-72.8712,40.92531
2033,-72.90049,40.9085
2034,-73.10258,40.8333
2035,-73.11743,40.84935
2036,-73.06003,40.84794
2037,-73.03831,40.85971
2038,-73.03024,40.84295
2039,-73.09171,40.84744
2040,-73.10683,40.81716
2041,-73.08768,40.82086
2042,-73.07043,40.82276
2043,-73.04436,40.82778
2044,-73.03973,40.81784
2045,-73.00232,40.85772
2046,-72.9688,40.86439
2047,-72.94093,40.83434
2048,-72.9431,40.87103
2049,-72.91808,40.8502
2050,-72.87563,40.87469
2051,-72.98929,40.83996
2052,-72.98747,40.82633
2053,-73.03576,40.75171
2054,-73.02824,40.80343
2055,-73.02484,40.78371
2056,-73.0192,40.76274
2057,-72.98579,40.7749
2058,-72.93172,40.78537
2059,-72.9872,40.78914
2060,-72.92583,40.80832
2061,-73.00147,40.805
2062,-72.97472,40.80876
2063,-72.94335,40.76413
2064,-72.83467,40.80969
2065,-72.77448,40.81942
2066,-72.88133,40.83385
2067,-72.8734,40.81477
2068,-72.82602,40.84201
2069,-72.75898,40.86998
2070,-72.84012,40.7896
2071,-72.87832,40.77258
2072,-72.86068,40.77646
2073,-72.89184,40.73373
2074,-72.77512,40.79971
2075,-72.82332,40.94648
2076,-72.76019,40.92855
2077,-72.66998,40.92503
2078,-72.62853,40.95761
2079,-72.5104,41.00758
2080,-72.30843,41.12477
2081,-72.3277,41.06623
2082,-72.64458,40.88844
2083,-72.63895,40.85055
2084,-72.53507,40.89047
2085,-72.63843,40.82172
2086,-72.51815,40.8559
2087,-72.30603,40.93248
2088,-72.45208,40.88957
2089,-72.40577,40.92212
2090,-72.3433,40.97503
2091,-72.39695,40.8799
2092,-72.22671,40.98211
2093,-72.14009,41.04614
2094,-72.0227,41.02004
2095,-73.80794,40.91147
2096,-73.80668,40.89319
2097,-73.82817,40.89629
2098,-73.83935,40.9036
2099,-73.83125,40.90225
2100,-73.83315,40.90826
2101,-73.82512,40.9062
2102,-73.81851,40.90713
2103,-73.84665,40.90972
2104,-73.84105,40.91363
2105,-73.84227,40.92031
2106,-73.83453,40.92147
2107,-73.83258,40.9148
2108,-73.82115,40.91464
2109,-73.82416,40.92777
2110,-73.81921,40.92153
2111,-73.83611,40.93027
2112,-73.78604,40.90298
2113,-73.78898,40.89309
2114,-73.77156,40.90529
2115,-73.78498,40.9104
2116,-73.79745,40.91111
2117,-73.78926,40.91271
2118,-73.79581,40.91934
2119,-73.77867,40.92482
2120,-73.79791,40.93008
2121,-73.78035,40.93938
2122,-73.78589,40.97358
2123,-73.76198,40.93605
2124,-73.75421,40.95614
2125,-73.75338,40.92571
2126,-73.7403,40.95772
2127,-73.73532,40.93891
2128,-73.72513,40.95323
2129,-73.70294,40.95983
2130,-73.6872,40.9834
2131,-73.8342,40.94071
2132,-73.82408,40.9387
2133,-73.80958,40.94137
2134,-73.67879,40.96702
2135,-73.80671,40.97133
2136,-73.66917,40.99752
2137,-73.66812,41.01332
2138,-73.68195,41.0061
2139,-73.68761,41.03348
2140,-73.71931,40.97002
2141,-73.71549,40.96501
2142,-73.71081,40.99904
2143,-73.727,40.97561
2144,-73.72512,41.04594
2145,-73.75536,41.00122
2146,-73.74574,41.02058
2147,-73.7362,41.00229
2148,-73.76533,41.0221
2149,-73.77741,41.0228
2150,-73.76741,41.0118
2151,-73.7835,41.03013
2152,-73.77345,41.04149
2153,-73.76679,41.04274
2154,-73.75722,41.05258
2155,-73.77896,40.99681
2156,-73.76241,40.97897
2157,-73.79915,40.98403
2158,-73.79343,41.00383
2159,-73.8095,41.00117
2160,-73.79281,41.0197
2161,-73.83808,40.9966
2162,-73.81458,41.022
2163,-73.84009,41.01352
2164,-73.83146,41.02788
2165,-73.87157,40.99055
2166,-73.88333,40.98979
2167,-73.8724,41.01638
2168,-73.86282,41.01046
2169,-73.90201,40.9169
2170,-73.90365,40.9288
2171,-73.90518,40.92031
2172,-73.89196,40.91304
2173,-73.88164,40.91038
2174,-73.86861,40.90681
2175,-73.86247,40.91309
2176,-73.85614,40.92326
2177,-73.86172,40.92675
2178,-73.84948,40.92127
2179,-73.85466,40.91009
2180,-73.86142,40.9368
2181,-73.88702,40.92101
2182,-73.87407,40.92266
2183,-73.89768,40.9293
2184,-73.89257,40.92728
2185,-73.88457,40.93051
2186,-73.84595,40.9357
2187,-73.84379,40.9466
2188,-73.88895,40.93706
2189,-73.8989,40.94106
2190,-73.86369,40.94911
2191,-73.70093,41.23297
2192,-73.88994,40.94382
2193,-73.87628,40.94282
2194,-73.89307,40.96207
2195,-73.88946,40.96211
2196,-73.87879,40.95547
2197,-73.88206,40.96181
2198,-73.87108,40.97372
2199,-73.86595,40.96439
2200,-73.84821,40.97006
2201,-73.83601,40.95462
2202,-73.83706,40.96203
2203,-73.8237,40.97382
2204,-73.83521,41.05436
2205,-73.8637,41.07328
2206,-73.85568,41.06463
2207,-73.79965,41.03109
2208,-73.80509,41.04294
2209,-73.81462,41.05412
2210,-73.81613,41.06889
2211,-73.78402,41.08334
2212,-73.65816,41.15508
2213,-73.8666,41.08499
2214,-73.85859,41.09689
2215,-73.81159,41.08527
2216,-73.78548,41.1118
2217,-73.82119,41.12375
2218,-73.84287,41.14129
2219,-73.86732,41.16908
2220,-73.84847,41.1662
2221,-73.82052,41.18759
2222,-73.92971,41.3136
2223,-73.91542,41.29839
2224,-73.58423,41.2797
2225,-73.5993,41.22415
2226,-73.65811,41.19955
2227,-73.72958,41.20181
2228,-73.73157,41.28077
2229,-73.81873,41.24617
2230,-73.60338,41.3329
2231,-73.6554,41.29132
2232,-73.71219,41.3368
2233,-73.79526,41.28808
2234,-73.78638,41.25463
2235,-73.77156,41.31721
2236,-73.84134,41.31965
2237,-73.80989,41.31767
2238,-73.87749,41.32038
2239,-73.8681,41.30206
2240,-73.87759,41.28254
2241,-73.91041,41.2841
2242,-73.88135,41.24604
2243,-73.9278,41.28112
2244,-73.89428,41.2136
2245,-73.94413,41.25309
2246,-73.77028,41.02956
2247,-73.76236,41.02873
2248,-73.7589,41.03503
2249,-73.82352,40.95301
2250,-73.81247,40.95502
2251,-73.79293,41.06212
2252,-73.76028,41.07081
2253,-73.7199,41.12434
2254,-73.52006,41.23329
2255,-73.68265,41.3202
2256,-73.74093,41.16561
2257,-73.76059,41.12161
2258,-73.78813,40.95299
2259,-73.85982,41.03465
2260,-73.78279,41.04995
2261,-73.78375,41.13748
2262,-73.76309,41.1952
2263,-73.7011,41.04615
2264,-74.01889,41.26094
2265,-73.98281,41.23312
2266,-74.02931,41.2253
2267,-74.08775,41.20958
2268,-74.01404,41.20664
2269,-74.02969,41.19248
2270,-73.98373,41.20775
2271,-73.96781,41.19199
2272,-73.97101,41.16539
2273,-74.00691,41.17058
2274,-73.98745,41.15197
2275,-73.9351,41.14848
2276,-73.92529,41.09385
2277,-73.92448,41.08298
2278,-73.94514,41.11042
2279,-73.97871,41.1011
2280,-74.01516,41.0944
2281,-74.00021,41.13126
2282,-74.01737,41.12017
2283,-74.0416,41.16081
2284,-74.07084,41.16307
2285,-74.0354,41.12936
2286,-74.05218,41.12498
2287,-74.04543,41.11577
2288,-74.04997,41.10692
2289,-74.06978,41.11716
2290,-74.19005,41.1617
2291,-74.15678,41.12007
2292,-74.13405,41.14953
2293,-74.06321,41.08491
2294,-74.02339,41.06893
2295,-74.01845,41.0568
2296,-73.99057,41.05592
2297,-73.97451,41.04796
2298,-73.94717,41.06118
2299,-73.92857,41.02443
2300,-73.91922,41.11253
2301,-74.02921,41.14202
2302,-73.59309,41.48518
2303,-73.60986,41.37816
2304,-73.61828,41.42559
2305,-73.56782,41.41635
2306,-73.68409,41.41446
2307,-73.70465,41.36942
2308,-73.75599,41.40038
2309,-73.77099,41.35782
2310,-73.86122,41.36843
2311,-73.82595,41.41136
2312,-73.92765,41.3543
2313,-73.90815,41.44584
2314,-73.66872,41.46138
2315,-73.74138,41.47579
2316,-74.01854,41.51468
2317,-74.03589,41.51083
2318,-74.02377,41.50549
2319,-74.00974,41.50563
2320,-74.01408,41.49451
2321,-74.03699,41.49826
2322,-74.40707,41.45158
2323,-74.41006,41.4603
2324,-74.42304,41.45941
2325,-74.42883,41.44962
2326,-74.41612,41.43643
2327,-74.43618,41.43456
2328,-74.4416,41.45112
2329,-74.68912,41.38445
2330,-74.68705,41.37175
2331,-74.69755,41.37381
2332,-74.06241,41.57523
2333,-74.01201,41.54289
2334,-74.0558,41.53697
2335,-74.06042,41.51113
2336,-74.0989,41.52978
2337,-74.20658,41.55152
2338,-74.18796,41.56011
2339,-74.21751,41.51659
2340,-74.3172,41.56842
2341,-74.35861,41.49737
2342,-74.37182,41.47927
2343,-74.38586,41.4417
2344,-74.40215,41.46787
2345,-74.45287,41.47997
2346,-74.52845,41.46001
2347,-74.66253,41.44588
2348,-74.57034,41.35583
2349,-74.46215,41.38431
2350,-74.361,41.3799
2351,-74.32038,41.38279
2352,-74.29903,41.39288
2353,-74.25476,41.44813
2354,-74.15198,41.49388
2355,-74.1278,41.4614
2356,-74.05847,41.47485
2357,-74.02686,41.48147
2358,-74.02923,41.46455
2359,-74.02109,41.44247
2360,-74.04815,41.44178
2361,-74.06025,41.41543
2362,-74.1557,41.43124
2363,-74.19303,41.38961
2364,-74.17478,41.37723
2365,-74.13207,41.36365
2366,-74.02307,41.36671
2367,-73.97075,41.37215
2368,-74.01034,41.32708
2369,-74.09333,41.31351
2370,-74.16822,41.31958
2371,-74.21161,41.3245
2372,-74.19947,41.29139
2373,-74.26954,41.36223
2374,-74.27164,41.32124
2375,-74.35311,41.30949
2376,-74.41368,41.26811
2377,-74.34698,41.25822
2378,-74.30473,41.27653
2379,-74.27617,41.20748
2380,-74.18055,41.2298
2381,-74.17221,41.34321
2382,-73.78993,41.60384
2383,-73.83728,41.58146
2384,-73.81597,41.5365
2385,-73.74075,41.54214
2386,-73.96597,41.53291
2387,-73.93462,41.50519
2388,-73.87561,41.52775
2389,-73.93174,41.77956
2390,-73.88159,41.76421
2391,-73.91907,41.7495
2392,-73.77209,41.68302
2393,-73.83167,41.69291
2394,-73.8308,41.65412
2395,-73.79416,41.74406
2396,-73.81336,41.78484
2397,-73.92027,41.72364
2398,-73.87394,41.71731
2399,-73.89684,41.70109
2400,-73.89765,41.66309
2401,-73.93269,41.66745
2402,-73.93317,41.6371
2403,-73.89876,41.63516
2404,-73.93281,41.60995
2405,-73.85436,41.61997
2406,-73.8933,41.60631
2407,-73.87745,41.58559
2408,-73.93512,41.57107
2409,-73.89731,41.56257
2410,-73.96895,41.51201
2411,-73.97696,41.49899
2412,-73.93545,41.70858
2413,-73.92502,41.71133
2414,-73.91296,41.71112
2415,-73.92609,41.70262
2416,-73.91734,41.70251
2417,-73.90962,41.70045
2418,-73.93602,41.69472
2419,-73.92538,41.69007
2420,-73.91416,41.69461
2421,-73.90837,41.67905
2422,-73.91804,41.59811
2423,-73.89367,41.68612
2424,-73.95375,41.52178
2425,-73.5535,41.82666
2426,-73.7045,41.62739
2427,-73.68885,41.58741
2428,-73.81751,41.86203
2429,-73.56374,41.71419
2430,-73.5867,41.65128
2431,-73.91822,41.83676
2432,-73.88677,41.81378
2433,-73.77583,41.97451
2434,-73.54233,41.94449
2435,-73.63263,41.56289
2436,-73.56118,41.56899
2437,-73.65194,41.96919
2438,-73.89439,42.00777
2439,-73.85924,42.02578
2440,-73.91729,41.95071
2441,-73.88508,41.91967
2442,-73.69223,41.88845
2443,-73.68612,41.68992
2444,-73.67475,41.79101
2445,-73.95623,41.49878
2446,-73.56686,41.63757
2447,-73.56154,41.78001
2448,-73.68433,41.08188
2449,-73.63689,41.10312
2450,-73.62478,41.06006
2451,-73.5917,41.06651
2452,-73.64163,41.038
2453,-73.65989,41.02531
2454,-73.64201,41.01566
2455,-73.62674,41.02799
2456,-73.61544,41.02993
2457,-73.60016,41.03898
2458,-73.57711,41.04935
2459,-73.56676,41.02549
2460,-73.58357,41.02808
2461,-73.62182,41.01457
2462,-73.65066,40.99873
2463,-73.54069,41.05247
2464,-73.59893,41.12679
2465,-73.56543,41.15039
2466,-73.54977,41.12199
2467,-73.57292,41.08327
2468,-73.55458,41.09516
2469,-73.52833,41.10758
2470,-73.54117,41.09092
2471,-73.52197,41.0945
2472,-73.52501,41.08369
2473,-73.52402,41.07222
2474,-73.54094,41.07383
2475,-73.55245,41.06474
2476,-73.5601,41.05135
2477,-73.54958,41.04928
2478,-73.54015,41.06161
2479,-73.53113,41.05494
2480,-73.52031,41.06215
2481,-73.50903,41.04688
2482,-73.51409,41.0522
2483,-73.52564,41.04494
2484,-73.53836,41.04148
2485,-73.55268,41.0355
2486,-73.5259,41.02744
2487,-73.48748,41.0999
2488,-73.46565,41.08385
2489,-73.47028,41.05983
2490,-73.48993,41.06644
2491,-73.50197,41.07979
2492,-73.49357,41.14284
2493,-73.52157,41.1723
2494,-73.50123,41.12909
2495,-73.48019,41.17217
2496,-73.40184,41.15577
2497,-73.39065,41.13701
2498,-73.42088,41.14511
2499,-73.40781,41.13015
2500,-73.44237,41.14641
2501,-73.44215,41.13216
2502,-73.45719,41.11024
2503,-73.44386,41.11476
2504,-73.43065,41.12155
2505,-73.42077,41.12644
2506,-73.38988,41.12045
2507,-73.40361,41.11595
2508,-73.41492,41.11445
2509,-73.429,41.11226
2510,-73.43941,41.08915
2511,-73.42665,41.0982
2512,-73.41851,41.09787
2513,-73.40662,41.10227
2514,-73.3932,41.10062
2515,-73.41141,41.07516
2516,-73.42634,41.08424
2517,-73.43636,41.06948
2518,-73.44869,41.22043
2519,-73.43518,41.19934
2520,-73.44038,41.16662
2521,-73.40106,41.17927
2522,-73.37681,41.15696
2523,-73.3559,41.15217
2524,-73.33399,41.16258
2525,-73.37527,41.11594
2526,-73.35683,41.12271
2527,-73.32267,41.1263
2528,-73.38247,41.23778
2529,-73.35451,41.20421
2530,-73.24194,41.21389
2531,-73.25132,41.19993
2532,-73.27533,41.20324
2533,-73.30629,41.18527
2534,-73.28676,41.1549
2535,-73.28693,41.13733
2536,-73.26352,41.15596
2537,-73.24811,41.1588
2538,-73.2515,41.17055
2539,-73.24724,41.18303
2540,-73.22727,41.19251
2541,-73.22897,41.18036
2542,-73.23555,41.17429
2543,-73.23526,41.16508
2544,-73.24407,41.14414
2545,-73.26529,41.12991
2546,-73.22853,41.1522
2547,-73.22189,41.1614
2548,-73.21069,41.1643
2549,-73.19977,41.16013
2550,-73.19409,41.16739
2551,-73.18769,41.17015
2552,-73.18875,41.17805
2553,-73.19429,41.17588
2554,-73.2023,41.17042
2555,-73.21866,41.17135
2556,-73.21123,41.17562
2557,-73.20492,41.17702
2558,-73.20062,41.1793
2559,-73.20032,41.18555
2560,-73.1924,41.18334
2561,-73.19647,41.18309
2562,-73.19215,41.19442
2563,-73.19983,41.1985
2564,-73.20271,41.19372
2565,-73.20761,41.18903
2566,-73.216,41.18565
2567,-73.21536,41.19758
2568,-73.2099,41.20231
2569,-73.20382,41.20925
2570,-73.21857,41.20932
2571,-73.22849,41.21997
2572,-73.20976,41.22146
2573,-73.19745,41.21781
2574,-73.19082,41.21218
2575,-73.17832,41.21492
2576,-73.1681,41.21044
2577,-73.15943,41.19924
2578,-73.16306,41.19511
2579,-73.17914,41.20025
2580,-73.1843,41.19502
2581,-73.17748,41.19346
2582,-73.16481,41.19027
2583,-73.17683,41.1884
2584,-73.18559,41.18814
2585,-73.18313,41.17971
2586,-73.1793,41.18083
2587,-73.17601,41.18408
2588,-73.16523,41.18264
2589,-73.16659,41.17204
2590,-73.15036,41.19756
2591,-73.14595,41.18872
2592,-73.15068,41.17719
2593,-73.13898,41.17538
2594,-73.13294,41.16007
2595,-73.1285,41.18111
2596,-73.12744,41.19479
2597,-73.12085,41.20891
2598,-73.14,41.20395
2599,-73.15478,41.21546
2600,-73.14298,41.22325
2601,-73.12267,41.23018
2602,-73.11933,41.25166
2603,-73.25499,41.28143
2604,-73.23174,41.26647
2605,-73.23138,41.23876
2606,-73.20225,41.23687
2607,-73.16538,41.23892
2608,-73.17631,41.25734
2609,-73.20591,41.27822
2610,-73.26209,41.32022
2611,-73.21774,41.32195
2612,-73.20551,41.35749
2613,-73.30529,41.24262
2614,-73.29782,41.28381
2615,-73.09382,41.31543
2616,-73.09448,41.28584
2617,-73.11836,41.29939
2618,-73.13951,41.27383
2619,-73.17345,41.28886
2620,-73.16736,41.31158
2621,-73.14532,41.33781
2622,-73.42523,41.36285
2623,-73.40632,41.37713
2624,-73.39141,41.40712
2625,-73.38429,41.3629
2626,-73.42369,41.48071
2627,-73.37774,41.47557
2628,-73.39689,41.44506
2629,-73.45284,41.39591
2630,-73.44705,41.40037
2631,-73.43753,41.40947
2632,-73.42148,41.39884
2633,-73.47276,41.36285
2634,-73.46151,41.38363
2635,-73.46963,41.39323
2636,-73.51429,41.40549
2637,-73.50075,41.42404
2638,-73.48247,41.43353
2639,-73.46638,41.43933
2640,-73.45863,41.43222
2641,-73.44206,41.44024
2642,-73.42418,41.43225
2643,-73.52106,41.46416
2644,-73.49835,41.49313
2645,-73.46339,41.49507
2646,-73.31453,41.43645
2647,-73.3135,41.4121
2648,-73.34012,41.39465
2649,-73.31136,41.35818
2650,-73.23842,41.39444
2651,-73.28439,41.40312
2652,-73.42674,41.29446
2653,-73.36803,41.31284
2654,-73.50704,41.32138
2655,-73.49102,41.33164
2656,-73.47477,41.28413
2657,-73.48388,41.25744
2658,-73.51678,41.2747
2659,-73.53032,41.32664
2660,-73.5008,41.58215
2661,-74.13352,41.03307
2662,-73.92448,40.96426
2663,-73.99859,40.92327
2664,-74.02934,40.87501
2665,-74.062,40.82554
2666,-73.98824,40.82196
2667,-73.95959,40.97314
2668,-73.95969,40.9403
2669,-73.95715,40.95495
2670,-73.99268,40.9449
2671,-74.08633,40.81881
2672,-73.97994,40.82129
2673,-74.12001,40.90477
2674,-74.0258,40.97498
2675,-73.97375,40.8915
2676,-73.95078,40.88372
2677,-74.11762,40.93569
2678,-74.00276,40.81805
2679,-73.97379,40.85009
2680,-74.20832,41.00876
2681,-74.10832,40.87896
2682,-74.12521,40.95982
2683,-74.04705,40.88911
2684,-73.98006,40.99095
2685,-74.07452,40.86193
2686,-73.99478,40.96154
2687,-74.04432,41.00726
2688,-74.09757,40.99989
2689,-73.98931,40.86377
2690,-74.03988,40.84665
2691,-74.08167,40.87841
2692,-74.11127,40.79697
2693,-74.18643,41.08162
2694,-74.06364,40.90223
2695,-74.1413,40.99502
2696,-74.05021,41.05286
2697,-74.05927,40.84097
2698,-74.01987,40.93366
2699,-74.12732,40.78698
2700,-73.95086,41.0098
2701,-73.95152,40.99328
2702,-74.24129,41.03118
2703,-73.98426,41.01424
2704,-74.03215,40.95588
2705,-73.99624,40.8467
2706,-74.07139,40.94551
2707,-74.04268,41.03517
2708,-74.14611,41.05946
2709,-74.01387,40.83117
2710,-74.02074,40.85462
2711,-74.11281,40.98195
2712,-74.03922,40.92658
2713,-74.00864,41.013
2714,-74.07947,40.90695
2715,-73.93325,41.00246
2716,-74.10668,40.82095
2717,-74.09579,40.90314
2718,-74.09582,41.02721
2719,-74.04828,40.86462
2720,-74.01076,40.89009
2721,-73.95668,40.91868
2722,-74.05986,40.85792
2723,-74.09897,41.06317
2724,-74.12634,41.01305
2725,-74.10696,40.85332
2726,-74.06398,40.98831
2727,-74.03106,40.98785
2728,-74.06163,41.0256
2729,-74.08882,40.85174
2730,-74.16781,40.99862
2731,-74.33234,41.03004
2732,-74.15821,40.863
2733,-74.18911,40.93617
2734,-74.15865,40.95782
2735,-74.21833,40.87599
2736,-74.18498,40.9627
2737,-74.12886,40.85739
2738,-74.16302,40.91434
2739,-74.28635,41.00232
2740,-74.17431,40.93795
2741,-74.276,41.10751
2742,-74.22223,40.90385
2743,-74.28866,41.04368
2744,-74.24492,40.94709
2745,-74.391,41.10492
2746,-74.19514,40.89016
2747,-74.05133,40.75565
2748,-74.04715,40.75315
2749,-74.0429,40.75016
2750,-74.05868,40.74968
2751,-74.05158,40.74976
2752,-74.05334,40.74602
2753,-74.04737,40.74599
2754,-74.0444,40.74395
2755,-74.06563,40.75406
2756,-74.06246,40.7388
2757,-74.05939,40.7446
2758,-74.05451,40.74076
2759,-74.0566,40.73683
2760,-74.05575,40.73208
2761,-74.04742,40.73799
2762,-74.05243,40.73443
2763,-74.04734,40.73106
2764,-74.0368,40.73263
2765,-74.03696,40.72714
2766,-74.07557,40.73792
2767,-74.07018,40.73433
2768,-74.0623,40.73356
2769,-74.06553,40.73062
2770,-74.0584,40.72838
2771,-74.05084,40.72534
2772,-74.04809,40.72345
2773,-74.04565,40.72645
2774,-74.04442,40.72239
2775,-74.03717,40.72107
2776,-74.08224,40.73179
2777,-74.07331,40.72654
2778,-74.06969,40.72804
2779,-74.06729,40.72396
2780,-74.06425,40.72252
2781,-74.05793,40.72272
2782,-74.06195,40.71719
2783,-74.05344,40.72059
2784,-74.04929,40.71965
2785,-74.04903,40.7147
2786,-74.04483,40.71829
2787,-74.04024,40.71629
2788,-74.0374,40.71393
2789,-74.08834,40.72565
2790,-74.07636,40.72187
2791,-74.0711,40.71956
2792,-74.07977,40.71768
2793,-74.07105,40.71634
2794,-74.07663,40.71427
2795,-74.07257,40.71112
2796,-74.06757,40.71015
2797,-74.05539,40.70461
2798,-74.09271,40.71787
2799,-74.08517,40.71346
2800,-74.07881,40.71168
2801,-74.08049,40.70924
2802,-74.08547,40.70875
2803,-74.07727,40.70467
2804,-74.09966,40.70972
2805,-74.08361,40.70425
2806,-74.09162,40.70584
2807,-74.08295,40.69999
2808,-74.07973,40.68619
2809,-74.09629,40.7028
2810,-74.08977,40.69864
2811,-74.10034,40.69417
2812,-74.0952,40.69589
2813,-74.09254,40.69076
2814,-74.10688,40.68971
2815,-74.10491,40.68195
2816,-74.09287,40.67648
2817,-74.09411,40.66987
2818,-74.11366,40.67946
2819,-74.12146,40.67022
2820,-74.11429,40.66802
2821,-74.10531,40.65692
2822,-74.11861,40.66119
2823,-74.12111,40.66274
2824,-74.12453,40.66428
2825,-74.1315,40.65892
2826,-74.125,40.6565
2827,-74.12544,40.64988
2828,-74.13852,40.64968
2829,-74.13336,40.64625
2830,-74.13526,40.77643
2831,-74.14269,40.78009
2832,-74.14917,40.7718
2833,-74.14327,40.7707
2834,-74.11442,40.75129
2835,-74.14364,40.75469
2836,-74.14914,40.75861
2837,-74.15211,40.75844
2838,-74.153,40.76534
2839,-74.15531,40.75771
2840,-74.15903,40.75927
2841,-74.16216,40.75084
2842,-74.15157,40.75017
2843,-74.15694,40.74798
2844,-74.16217,40.74718
2845,-74.15978,40.74078
2846,-74.14943,40.74112
2847,-74.00586,40.80774
2848,-73.9998,40.80098
2849,-74.00522,40.79602
2850,-74.01056,40.80123
2851,-74.01258,40.80737
2852,-74.02111,40.79675
2853,-74.02585,40.80293
2854,-74.03337,40.78099
2855,-74.04696,40.77204
2856,-74.0478,40.75994
2857,-74.00461,40.79224
2858,-74.01289,40.79603
2859,-74.00521,40.78709
2860,-74.00699,40.79027
2861,-74.01396,40.79277
2862,-74.01946,40.79025
2863,-74.01259,40.78783
2864,-74.01398,40.78627
2865,-74.01083,40.7817
2866,-74.01717,40.78425
2867,-74.02162,40.78593
2868,-74.0184,40.77929
2869,-74.02408,40.77961
2870,-74.02164,40.77724
2871,-74.02517,40.77489
2872,-74.02607,40.77099
2873,-74.02986,40.77503
2874,-74.03368,40.77278
2875,-74.03099,40.77028
2876,-74.03274,40.76682
2877,-74.03668,40.76877
2878,-74.03974,40.76462
2879,-74.03453,40.76388
2880,-74.03208,40.76102
2881,-74.03609,40.76134
2882,-74.03804,40.75855
2883,-74.04144,40.75992
2884,-74.04356,40.75749
2885,-74.03847,40.75471
2886,-74.01857,40.76781
2887,-74.01602,40.77696
2888,-74.02018,40.77189
2889,-74.02825,40.76391
2890,-74.02681,40.74362
2891,-74.03157,40.75369
2892,-74.03509,40.74826
2893,-74.0306,40.74674
2894,-74.0271,40.74624
2895,-74.03221,40.742
2896,-74.03645,40.74445
2897,-74.03906,40.74247
2898,-74.03756,40.73982
2899,-74.04027,40.73781
2900,-74.03236,40.73696
2901,-74.03009,40.73911
2902,-74.05388,40.80012
2903,-74.07029,40.7859
2904,-74.06493,40.77643
2905,-74.16975,40.78242
2906,-74.1773,40.77129
2907,-74.17864,40.7775
2908,-74.18339,40.77425
2909,-74.18425,40.76793
2910,-74.18793,40.76846
2911,-74.19141,40.7607
2912,-74.18607,40.76092
2913,-74.19102,40.75456
2914,-74.18648,40.74904
2915,-74.18617,40.74539
2916,-74.19497,40.74218
2917,-74.19912,40.74308
2918,-74.19251,40.74622
2919,-74.19341,40.75097
2920,-74.19828,40.75052
2921,-74.20448,40.7448
2922,-74.21407,40.74537
2923,-74.23265,40.74861
2924,-74.23528,40.74324
2925,-74.24354,40.73672
2926,-74.23278,40.73859
2927,-74.22676,40.74176
2928,-74.22147,40.74352
2929,-74.20927,40.73972
2930,-74.20441,40.73764
2931,-74.20148,40.73589
2932,-74.19623,40.73772
2933,-74.19302,40.73573
2934,-74.19295,40.73169
2935,-74.19867,40.73455
2936,-74.20736,40.73377
2937,-74.2123,40.73317
2938,-74.20821,40.72863
2939,-74.2009,40.72948
2940,-74.19518,40.72695
2941,-74.19704,40.72271
2942,-74.20656,40.72451
2943,-74.21396,40.72558
2944,-74.21892,40.71839
2945,-74.21738,40.71415
2946,-74.22367,40.71071
2947,-74.21648,40.70974
2948,-74.21323,40.70525
2949,-74.20249,40.71146
2950,-74.20334,40.69964
2951,-74.20763,40.70912
2952,-74.19709,40.7116
2953,-74.20729,40.71446
2954,-74.21372,40.71904
2955,-74.20964,40.71913
2956,-74.20371,40.72005
2957,-74.20031,40.71812
2958,-74.19721,40.71755
2959,-74.18515,40.71827
2960,-74.19374,40.71788
2961,-74.18815,40.72127
2962,-74.18944,40.72472
2963,-74.18698,40.72957
2964,-74.18604,40.73235
2965,-74.18477,40.73756
2966,-74.18409,40.73449
2967,-74.18798,40.72691
2968,-74.18104,40.72528
2969,-74.17461,40.71892
2970,-74.16731,40.72353
2971,-74.16206,40.72221
2972,-74.1573,40.72041
2973,-74.15448,40.72388
2974,-74.15083,40.72712
2975,-74.13647,40.71849
2976,-74.13397,40.73614
2977,-74.13101,40.72959
2978,-74.15563,40.73051
2979,-74.1606,40.72818
2980,-74.16785,40.72715
2981,-74.16337,40.73161
2982,-74.17034,40.73355
2983,-74.17776,40.73405
2984,-74.18931,40.74061
2985,-74.18126,40.74171
2986,-74.17951,40.746
2987,-74.17109,40.74381
2988,-74.17636,40.74902
2989,-74.17048,40.75533
2990,-74.17361,40.75286
2991,-74.176,40.75511
2992,-74.18161,40.75354
2993,-74.18,40.75939
2994,-74.16814,40.7598
2995,-74.16592,40.76577
2996,-74.17349,40.76635
2997,-74.16802,40.774
2998,-74.15804,40.77445
2999,-74.16185,40.77763
3000,-74.16304,40.70074
3001,-74.21902,40.78191
3002,-74.21548,40.77946
3003,-74.20696,40.77804
3004,-74.19818,40.77219
3005,-74.19905,40.76607
3006,-74.21087,40.7717
3007,-74.21694,40.76958
3008,-74.2102,40.76446
3009,-74.20357,40.76174
3010,-74.19792,40.7597
3011,-74.20284,40.75376
3012,-74.20844,40.75423
3013,-74.21227,40.75682
3014,-74.2166,40.75975
3015,-74.22113,40.76412
3016,-74.23153,40.75577
3017,-74.22656,40.75571
3018,-74.22004,40.75564
3019,-74.21945,40.75161
3020,-74.2249,40.74789
3021,-74.22867,40.72711
3022,-74.24739,40.71563
3023,-74.2447,40.72244
3024,-74.24197,40.72678
3025,-74.23535,40.73177
3026,-74.23808,40.72094
3027,-74.22723,40.73354
3028,-74.22191,40.73491
3029,-74.23493,40.71177
3030,-74.23185,40.71651
3031,-74.22782,40.72275
3032,-74.2214,40.73001
3033,-74.22177,40.7221
3034,-74.21777,40.73203
3035,-74.21439,40.73842
3036,-74.15958,40.82992
3037,-74.14983,40.82165
3038,-74.1431,40.81416
3039,-74.1582,40.81208
3040,-74.16656,40.82186
3041,-74.1736,40.81405
3042,-74.17434,40.80059
3043,-74.16693,40.79997
3044,-74.15898,40.80148
3045,-74.15151,40.80031
3046,-74.147,40.79382
3047,-74.16154,40.78713
3048,-74.15931,40.79208
3049,-74.17972,40.78504
3050,-74.18519,40.83585
3051,-74.17385,40.83527
3052,-74.18931,40.82202
3053,-74.18425,40.81782
3054,-74.18865,40.80632
3055,-74.18266,40.80213
3056,-74.19606,40.7999
3057,-74.18746,40.79226
3058,-74.20375,40.78836
3059,-74.19682,40.78373
3060,-74.18899,40.78519
3061,-74.19193,40.77623
3062,-74.20485,40.80389
3063,-74.20397,40.851
3064,-74.19365,40.84505
3065,-74.20045,40.83489
3066,-74.2167,40.83157
3067,-74.20494,40.82316
3068,-74.21457,40.82018
3069,-74.20924,40.81112
3070,-74.21886,40.8153
3071,-74.22972,40.8095
3072,-74.22062,40.80544
3073,-74.21302,40.80499
3074,-74.22033,40.79559
3075,-74.27914,40.7936
3076,-74.25447,40.80272
3077,-74.24738,40.78819
3078,-74.23235,40.79316
3079,-74.2313,40.78581
3080,-74.24424,40.77266
3081,-74.2542,40.76718
3082,-74.27184,40.77016
3083,-74.22415,40.7843
3084,-74.22895,40.77886
3085,-74.23077,40.77475
3086,-74.22495,40.76804
3087,-74.23094,40.76847
3088,-74.23821,40.77084
3089,-74.23555,40.76311
3090,-74.24351,40.75778
3091,-74.248,40.76327
3092,-74.27132,40.75281
3093,-74.2491,40.75011
3094,-74.25304,40.74168
3095,-74.26397,40.74286
3096,-74.28288,40.74564
3097,-74.26569,40.73061
3098,-74.25338,40.72967
3099,-74.26037,40.71857
3100,-74.2728,40.72253
3101,-74.28186,40.73036
3102,-74.34212,40.7389
3103,-74.31305,40.74564
3104,-74.29627,40.72421
3105,-74.31922,40.72124
3106,-74.33429,40.80477
3107,-74.30051,40.79753
3108,-74.31114,40.77186
3109,-74.32267,40.78572
3110,-74.34847,40.7768
3111,-74.28022,40.82692
3112,-74.30902,40.82064
3113,-74.25047,40.83855
3114,-74.23419,40.83244
3115,-74.24238,40.82497
3116,-74.23473,40.86488
3117,-74.22246,40.84844
3118,-74.24316,40.8503
3119,-74.30448,40.88242
3120,-74.25815,40.86272
3121,-74.27825,40.8388
3122,-74.29744,40.84853
3123,-74.42509,40.67637
3124,-74.31409,40.62018
3125,-74.30417,40.65637
3126,-74.19503,40.66657
3127,-74.38618,40.64164
3128,-74.3237,40.65126
3129,-74.22982,40.69599
3130,-74.28944,40.67805
3131,-74.23928,40.62546
3132,-74.36088,40.68088
3133,-74.4042,40.69948
3134,-74.41626,40.61524
3135,-74.28145,40.60772
3136,-74.26052,40.65259
3137,-74.26728,40.66508
3138,-74.37444,40.63279
3139,-74.32624,40.69915
3140,-74.36534,40.71535
3141,-74.27052,40.69528
3142,-74.34381,40.65145
3143,-74.29039,40.63484
3144,-74.40549,40.90501
3145,-74.42602,40.93125
3146,-74.34728,40.99867
3147,-74.38435,40.74059
3148,-74.42945,40.72713
3149,-74.6921,40.78786
3150,-74.68446,40.7799
3151,-74.49019,40.8885
3152,-74.56024,40.88559
3153,-74.36462,40.81887
3154,-74.39616,40.77699
3155,-74.42931,40.81936
3156,-74.50045,40.74082
3157,-74.55102,41.00101
3158,-74.38726,40.98468
3159,-74.30455,40.92342
3160,-74.41793,40.75832
3161,-74.60098,40.76862
3162,-74.5945,40.78264
3163,-74.60046,40.8778
3164,-74.35975,40.91315
3165,-74.49502,40.79594
3166,-74.47927,40.83566
3167,-74.47758,40.79617
3168,-74.44076,40.89059
3169,-74.63913,40.91473
3170,-74.74308,40.8659
3171,-74.70269,40.89796
3172,-74.42478,40.85898
3173,-74.4884,40.68387
3174,-74.30462,40.96284
3175,-74.5823,40.84331
3176,-74.31273,40.99191
3177,-74.51583,40.89676
3178,-74.50058,40.95857
3179,-74.65309,40.88134
3180,-74.5436,40.87605
3181,-74.79222,40.78758
3182,-74.58188,40.89967
3183,-74.68304,40.66928
3184,-74.56817,40.6765
3185,-74.59239,40.72672
3186,-74.53906,40.56749
3187,-74.71435,40.56307
3188,-74.60808,40.59354
3189,-74.62621,40.69026
3190,-74.55188,40.47587
3191,-74.48285,40.6036
3192,-74.67446,40.49848
3193,-74.58972,40.54195
3194,-74.59281,40.5004
3195,-74.67974,40.42629
3196,-74.43908,40.62082
3197,-74.65709,40.71689
3198,-74.64354,40.57292
3199,-74.64105,40.40033
3200,-74.60966,40.5695
3201,-74.52835,40.55341
3202,-74.51521,40.63222
3203,-74.43944,40.64331
3204,-74.22999,40.58489
3205,-74.52037,40.31086
3206,-74.46563,40.58987
3207,-74.41796,40.42749
3208,-74.37006,40.53651
3209,-74.42393,40.37709
3210,-74.42876,40.50008
3211,-74.44049,40.34923
3212,-74.36302,40.5418
3213,-74.50096,40.57415
3214,-74.43534,40.45013
3215,-74.42862,40.31905
3216,-74.44705,40.48575
3217,-74.48091,40.45031
3218,-74.31277,40.39992
3219,-74.27306,40.52189
3220,-74.4635,40.54651
3221,-74.5876,40.33754
3222,-74.32399,40.46375
3223,-74.2847,40.48267
3224,-74.52588,40.38392
3225,-74.41525,40.57436
3226,-74.37882,40.44492
3227,-74.39244,40.39457
3228,-74.29478,40.56242
3229,-74.22542,40.41665
3230,-74.00156,40.23625
3231,-74.58779,40.1777
3232,-74.01214,40.22229
3233,-74.02998,40.41139
3234,-74.01633,40.19157
3235,-74.02183,40.17866
3236,-74.01287,40.2018
3237,-74.06484,40.10654
3238,-74.16909,40.29166
3239,-73.99785,40.25003
3240,-74.05629,40.29131
3241,-74.36145,40.29693
3242,-74.03845,40.35983
3243,-74.17037,40.19829
3244,-74.27582,40.25929
3245,-74.2992,40.22334
3246,-74.17156,40.42622
3247,-73.9901,40.40115
3248,-74.17326,40.37679
3249,-74.19765,40.18183
3250,-74.01712,40.23529
3251,-74.1317,40.44621
3252,-74.20146,40.43236
3253,-74.03872,40.3362
3254,-74.00085,40.23258
3255,-73.99139,40.29603
3256,-74.3442,40.27964
3257,-74.04587,40.11903
3258,-74.25731,40.34248
3259,-74.2371,40.41229
3260,-74.08562,40.3892
3261,-74.43004,40.21205
3262,-73.98194,40.33319
3263,-74.05508,40.21189
3264,-74.03358,40.20052
3265,-74.03981,40.25211
3266,-74.02211,40.31423
3267,-74.06786,40.34646
3268,-74.47314,40.22083
3269,-74.00556,40.36178
3270,-73.97545,40.36422
3271,-74.03613,40.13035
3272,-74.06058,40.325
3273,-74.07225,40.31351
3274,-74.02633,40.17057
3275,-74.02746,40.15382
3276,-74.0433,40.15204
3277,-74.09549,40.27061
3278,-74.17076,40.44545
3279,-74.52881,40.15458
3280,-74.09736,40.16719
3281,-74.01868,40.28817
3282,-74.3006,39.77354
3283,-74.11025,39.75185
3284,-74.04813,40.07039
3285,-74.24385,39.56011
3286,-74.20242,39.92767
3287,-74.2111,39.91537
3288,-74.11591,40.06414
3289,-74.1825,39.99242
3290,-74.29735,39.65317
3291,-74.13951,39.69903
3292,-74.14629,39.9436
3293,-74.35756,40.09816
3294,-74.2884,39.86009
3295,-74.32018,40.01343
3296,-74.20339,40.07617
3297,-74.0724,39.96907
3298,-74.35643,39.61891
3299,-74.19168,39.64071
3300,-74.37339,39.96471
3301,-74.04989,40.04469
3302,-74.25707,39.79351
3303,-74.13567,39.92587
3304,-74.17016,39.93533
3305,-74.48546,40.04595
3306,-74.07106,40.07726
3307,-74.04547,40.09182
3308,-74.07552,39.94292
3309,-74.07794,39.92572
3310,-74.18106,39.64659
3311,-74.20978,39.94051
3312,-74.27504,39.70941
3313,-74.16903,39.66125
3314,-74.33086,39.5973
3315,-75.03134,40.58858
3316,-75.00993,40.66873
3317,-75.08444,40.65355
3318,-74.83703,40.71912
3319,-74.91272,40.63563
3320,-74.85842,40.63294
3321,-74.95376,40.44481
3322,-74.82229,40.43428
3323,-74.86037,40.50844
3324,-74.93544,40.56633
3325,-75.05618,40.52763
3326,-74.94,40.70016
3327,-74.96478,40.70663
3328,-74.89427,40.66831
3329,-75.12198,40.59689
3330,-75.01915,40.49043
3331,-74.94262,40.3689
3332,-74.83556,40.64301
3333,-74.89071,40.72771
3334,-75.09084,40.56975
3335,-74.86674,40.50694
3336,-74.77982,40.58211
3337,-74.97642,40.40641
3338,-74.779,40.69517
3339,-74.97031,40.63222
3340,-74.8954,40.37898
3341,-74.83024,40.91916
3342,-75.15761,40.65983
3343,-75.07274,40.82862
3344,-74.99868,40.98027
3345,-75.05018,40.71402
3346,-74.89252,40.96252
3347,-75.11314,40.67891
3348,-74.82611,40.85394
3349,-74.93357,41.02291
3350,-75.12451,40.75256
3351,-74.98064,40.90558
3352,-74.87922,40.87972
3353,-75.0632,40.93208
3354,-74.95158,40.86644
3355,-75.1559,40.70905
3356,-74.91154,40.81008
3357,-74.99532,40.80885
3358,-75.03555,41.02845
3359,-75.18211,40.6892
3360,-75.16257,40.6404
3361,-74.9831,40.75853
3362,-74.98538,40.75387
3363,-75.04134,40.8212
3364,-74.74274,40.98561
3365,-74.7289,41.02478
3366,-74.75004,41.14625
3367,-74.71732,40.95671
3368,-74.73646,41.16126
3369,-74.58893,41.11058
3370,-74.815,41.02943
3371,-74.79764,40.97391
3372,-74.57383,41.14837
3373,-74.78246,41.10002
3374,-74.55984,41.12134
3375,-74.66123,40.95447
3376,-74.6768,41.11416
3377,-74.73001,41.29594
3378,-74.75358,41.054
3379,-74.5979,41.07721
3380,-74.80634,41.21769
3381,-74.62649,41.04934
3382,-74.70437,40.91491
3383,-74.8713,41.07302
3384,-74.60791,41.20935
3385,-74.48517,41.19778
3386,-74.91079,41.12479
3387,-74.62609,41.24307
3388,-73.06314,41.31716
3389,-73.10142,41.33515
3390,-73.05754,41.3323
3391,-73.0621,41.34664
3392,-73.09043,41.34569
3393,-73.07947,41.3558
3394,-73.06221,41.38897
3395,-73.10641,41.37517
3396,-72.92545,41.30504
3397,-72.92239,41.29444
3398,-72.93339,41.29932
3399,-72.93437,41.28564
3400,-72.94228,41.29369
3401,-72.94132,41.30144
3402,-72.93801,41.3108
3403,-72.94976,41.30601
3404,-72.95153,41.31683
3405,-72.96402,41.31823
3406,-72.98341,41.3205
3407,-72.97537,41.33344
3408,-72.95969,41.33675
3409,-72.94599,41.32627
3410,-72.93399,41.32897
3411,-72.93444,41.31837
3412,-72.92661,41.31326
3413,-72.92155,41.32737
3414,-72.91174,41.32284
3415,-72.91787,41.3143
3416,-72.91254,41.3113
3417,-72.91426,41.30413
3418,-72.89857,41.30549
3419,-72.90255,41.31537
3420,-72.89549,41.31995
3421,-72.87714,41.3262
3422,-72.88024,41.30689
3423,-72.89585,41.29035
3424,-72.89562,41.26646
3425,-73.06114,41.22252
3426,-73.06837,41.20699
3427,-73.0886,41.20522
3428,-73.08619,41.19476
3429,-73.10608,41.18701
3430,-73.09068,41.22597
3431,-73.06739,41.25158
3432,-73.03341,41.24349
3433,-73.04079,41.21957
3434,-73.02095,41.21057
3435,-73.01492,41.22627
3436,-73.00353,41.23819
3437,-72.97341,41.29898
3438,-72.97931,41.27299
3439,-72.96118,41.28339
3440,-72.9578,41.28753
3441,-72.94709,41.27866
3442,-72.96355,41.27094
3443,-72.98246,41.24972
3444,-72.97048,41.24897
3445,-72.95651,41.26277
3446,-72.94033,41.26883
3447,-72.9439,41.25967
3448,-73.00434,41.26679
3449,-73.03635,41.26717
3450,-73.05739,41.2899
3451,-73.01197,41.29668
3452,-73.01934,41.33267
3453,-73.00682,41.36925
3454,-72.99378,41.42596
3455,-72.89217,41.34665
3456,-72.90556,41.34868
3457,-72.91261,41.36613
3458,-72.92035,41.34509
3459,-72.93433,41.34031
3460,-72.93294,41.35576
3461,-72.95057,41.34659
3462,-72.92776,41.3744
3463,-72.95378,41.37389
3464,-72.93162,41.4264
3465,-72.90828,41.38965
3466,-72.89157,41.42775
3467,-72.87778,41.39602
3468,-72.8543,41.38758
3469,-72.8418,41.36222
3470,-72.80035,41.53807
3471,-72.79631,41.53917
3472,-72.80529,41.53822
3473,-72.80324,41.54299
3474,-72.81191,41.54386
3475,-72.83174,41.55579
3476,-72.84172,41.5304
3477,-72.82766,41.53124
3478,-72.81681,41.53241
3479,-72.81336,41.52125
3480,-72.80975,41.5327
3481,-72.79762,41.53312
3482,-72.79675,41.51836
3483,-72.76717,41.51356
3484,-72.7784,41.53512
3485,-72.79042,41.53781
3486,-72.78922,41.54839
3487,-72.79313,41.56137
3488,-72.76343,41.5543
3489,-72.81642,41.46118
3490,-72.82345,41.45189
3491,-72.82473,41.4356
3492,-72.82286,41.47109
3493,-72.85583,41.45701
3494,-72.8441,41.48252
3495,-72.83473,41.5017
3496,-72.79043,41.47782
3497,-72.80356,41.44526
3498,-72.77428,41.4431
3499,-72.87328,41.25351
3500,-72.88099,41.27281
3501,-72.86821,41.2742
3502,-72.86815,41.29445
3503,-72.86037,41.31631
3504,-72.84158,41.3142
3505,-72.83432,41.33777
3506,-72.8136,41.28117
3507,-72.8438,41.27688
3508,-72.83779,41.26211
3509,-72.80409,41.26436
3510,-72.78574,41.28358
3511,-72.75514,41.27703
3512,-72.8038,41.30296
3513,-72.77154,41.33087
3514,-72.77998,41.38082
3515,-72.67052,41.28085
3516,-72.7088,41.27379
3517,-72.67486,41.32112
3518,-72.72128,41.31918
3519,-72.71107,41.38836
3520,-72.5912,41.27391
3521,-72.64867,41.35547
3522,-72.61834,41.35261
3523,-73.05719,41.43908
3524,-72.88208,41.52805
3525,-72.93268,41.537
3526,-72.88876,41.48003
3527,-72.92704,41.48207
3528,-73.10485,41.53445
3529,-73.13818,41.52051
3530,-73.03586,41.50604
3531,-73.03555,41.48225
3532,-73.01394,41.47336
3533,-73.07511,41.47976
3534,-73.07701,41.50305
3535,-73.1355,41.43139
3536,-72.96294,41.50261
3537,-72.9936,41.49468
3538,-73.23543,41.48806
3539,-73.28088,41.47839
3540,-73.19627,41.46711
3541,-73.04177,41.55643
3542,-73.03492,41.56511
3543,-73.02836,41.56239
3544,-73.03111,41.55614
3545,-73.03428,41.54764
3546,-73.04274,41.53632
3547,-73.05493,41.57367
3548,-73.04659,41.56565
3549,-73.04622,41.57544
3550,-73.03526,41.57465
3551,-73.01404,41.57209
3552,-73.02149,41.55508
3553,-73.01403,41.54946
3554,-73.02739,41.53942
3555,-73.03388,41.52684
3556,-73.05726,41.5349
3557,-73.04872,41.54463
3558,-73.07522,41.55142
3559,-73.06994,41.52813
3560,-73.07661,41.56603
3561,-73.078,41.57862
3562,-73.06427,41.58283
3563,-73.04815,41.59844
3564,-73.02981,41.60403
3565,-73.02802,41.58798
3566,-72.99555,41.55894
3567,-72.98482,41.54671
3568,-73.00122,41.53199
3569,-72.96386,41.58265
3570,-73.00293,41.60004
3571,-72.97199,41.62322
3572,-74.52957,40.26015
3573,-74.80035,40.26504
3574,-74.67556,40.20494
3575,-74.52556,40.26834
3576,-74.76437,40.38872
3577,-74.80671,40.34618
3578,-74.7207,40.29532
3579,-74.79091,40.32609
3580,-74.65969,40.35034
3581,-74.67122,40.35699
3582,-74.7632,40.22393
3583,-74.59127,40.2218
3584,-74.62664,40.28967
3585,-73.29682,40.74677
3586,-73.34454,40.68348
